-- PostgreSQL Initialisierung mit echten Titanic-Daten
-- Automatisch generiert aus titanic.db

-- Lookup-Tabellen erstellen
CREATE TABLE IF NOT EXISTS Sex (
    sex_id SERIAL PRIMARY KEY,
    sex VARCHAR(10) NOT NULL
);

CREATE TABLE IF NOT EXISTS Embarked (
    embarked_id SERIAL PRIMARY KEY,
    embarked VARCHAR(1)
);

CREATE TABLE IF NOT EXISTS Class (
    class_id SERIAL PRIMARY KEY,
    class VARCHAR(10)
);

CREATE TABLE IF NOT EXISTS Who (
    who_id SERIAL PRIMARY KEY,
    who VARCHAR(10)
);

CREATE TABLE IF NOT EXISTS Deck (
    deck_id SERIAL PRIMARY KEY,
    deck VARCHAR(1)
);

CREATE TABLE IF NOT EXISTS EmbarkTown (
    embark_town_id SERIAL PRIMARY KEY,
    embark_town VARCHAR(20)
);

CREATE TABLE IF NOT EXISTS Alive (
    alive_id SERIAL PRIMARY KEY,
    alive VARCHAR(5)
);

-- Haupt-Observation-Tabelle erstellen
CREATE TABLE IF NOT EXISTS Observation (
    id SERIAL PRIMARY KEY,
    survived INTEGER NOT NULL,
    pclass INTEGER NOT NULL,
    age FLOAT,
    sibsp INTEGER NOT NULL,
    parch INTEGER NOT NULL,
    fare FLOAT,
    adult_male BOOLEAN NOT NULL,
    alone BOOLEAN NOT NULL,
    sex_id INTEGER REFERENCES Sex(sex_id),
    embarked_id INTEGER REFERENCES Embarked(embarked_id),
    class_id INTEGER REFERENCES Class(class_id),
    who_id INTEGER REFERENCES Who(who_id),
    deck_id INTEGER REFERENCES Deck(deck_id),
    embark_town_id INTEGER REFERENCES EmbarkTown(embark_town_id),
    alive_id INTEGER REFERENCES Alive(alive_id)
);

-- Lookup-Daten einfügen
INSERT INTO Sex (sex_id, sex) VALUES (0, 'female'), (1, 'male');
INSERT INTO Embarked (embarked_id, embarked) VALUES (-1, NULL), (0, 'C'), (1, 'Q'), (2, 'S');
INSERT INTO Class (class_id, class) VALUES (0, 'First'), (1, 'Second'), (2, 'Third');
INSERT INTO Who (who_id, who) VALUES (0, 'child'), (1, 'man'), (2, 'woman');
INSERT INTO Deck (deck_id, deck) VALUES (-1, NULL), (0, 'A'), (1, 'B'), (2, 'C'), (3, 'D'), (4, 'E'), (5, 'F'), (6, 'G'), (7, 'T');
INSERT INTO EmbarkTown (embark_town_id, embark_town) VALUES (-1, NULL), (0, 'Cherbourg'), (1, 'Queenstown'), (2, 'Southampton');
INSERT INTO Alive (alive_id, alive) VALUES (0, 'no'), (1, 'yes');

-- Observation-Daten einfügen
INSERT INTO Observation (survived, pclass, age, sibsp, parch, fare, adult_male, alone, sex_id, embarked_id, class_id, who_id, deck_id, embark_town_id, alive_id) VALUES

(0, 3, 22.00, 1, 0, 7.2500, TRUE, FALSE, 1, 2, 2, 1, -1, 2, 0),
(1, 1, 38.00, 1, 0, 71.2833, FALSE, FALSE, 0, 0, 0, 2, 2, 0, 1),
(1, 3, 26.00, 0, 0, 7.9250, FALSE, TRUE, 0, 2, 2, 2, -1, 2, 1),
(1, 1, 35.00, 1, 0, 53.1000, FALSE, FALSE, 0, 2, 0, 2, 2, 2, 1),
(0, 3, 35.00, 0, 0, 8.0500, TRUE, TRUE, 1, 2, 2, 1, -1, 2, 0),
(0, 3, NULL, 0, 0, 8.4583, TRUE, TRUE, 1, 1, 2, 1, -1, 1, 0),
(0, 1, 54.00, 0, 0, 51.8625, TRUE, TRUE, 1, 2, 0, 1, 4, 2, 0),
(0, 3, 2.00, 3, 1, 21.0750, FALSE, FALSE, 1, 2, 2, 0, -1, 2, 0),
(1, 3, 27.00, 0, 2, 11.1333, FALSE, FALSE, 0, 2, 2, 2, -1, 2, 1),
(1, 2, 14.00, 1, 0, 30.0708, FALSE, FALSE, 0, 0, 1, 0, -1, 0, 1),
(1, 3, 4.00, 1, 1, 16.7000, FALSE, FALSE, 0, 2, 2, 0, 6, 2, 1),
(1, 1, 58.00, 0, 0, 26.5500, FALSE, TRUE, 0, 2, 0, 2, 2, 2, 1),
(0, 3, 20.00, 0, 0, 8.0500, TRUE, TRUE, 1, 2, 2, 1, -1, 2, 0),
(0, 3, 39.00, 1, 5, 31.2750, TRUE, FALSE, 1, 2, 2, 1, -1, 2, 0),
(0, 3, 14.00, 0, 0, 7.8542, FALSE, TRUE, 0, 2, 2, 0, -1, 2, 0),
(1, 2, 55.00, 0, 0, 16.0000, FALSE, TRUE, 0, 2, 1, 2, -1, 2, 1),
(0, 3, 2.00, 4, 1, 29.1250, FALSE, FALSE, 1, 1, 2, 0, -1, 1, 0),
(1, 2, NULL, 0, 0, 13.0000, TRUE, TRUE, 1, 2, 1, 1, -1, 2, 1),
(0, 3, 31.00, 1, 0, 18.0000, FALSE, FALSE, 0, 2, 2, 2, -1, 2, 0),
(1, 3, NULL, 0, 0, 7.2250, FALSE, TRUE, 0, 0, 2, 2, -1, 0, 1),
(0, 2, 35.00, 0, 0, 26.0000, TRUE, TRUE, 1, 2, 1, 1, -1, 2, 0),
(1, 2, 34.00, 0, 0, 13.0000, TRUE, TRUE, 1, 2, 1, 1, 3, 2, 1),
(1, 3, 15.00, 0, 0, 8.0292, FALSE, TRUE, 0, 1, 2, 0, -1, 1, 1),
(1, 1, 28.00, 0, 0, 35.5000, TRUE, TRUE, 1, 2, 0, 1, 0, 2, 1),
(0, 3, 8.00, 3, 1, 21.0750, FALSE, FALSE, 0, 2, 2, 0, -1, 2, 0),
(1, 3, 38.00, 1, 5, 31.3875, FALSE, FALSE, 0, 2, 2, 2, -1, 2, 1),
(0, 3, NULL, 0, 0, 7.2250, TRUE, TRUE, 1, 0, 2, 1, -1, 0, 0),
(0, 1, 19.00, 3, 2, 263.0000, TRUE, FALSE, 1, 2, 0, 1, 2, 2, 0),
(1, 3, NULL, 0, 0, 7.8792, FALSE, TRUE, 0, 1, 2, 2, -1, 1, 1),
(0, 3, NULL, 0, 0, 7.8958, TRUE, TRUE, 1, 2, 2, 1, -1, 2, 0),
(0, 1, 40.00, 0, 0, 27.7208, TRUE, TRUE, 1, 0, 0, 1, -1, 0, 0),
(1, 1, NULL, 1, 0, 146.5208, FALSE, FALSE, 0, 0, 0, 2, 1, 0, 1),
(1, 3, NULL, 0, 0, 7.7500, FALSE, TRUE, 0, 1, 2, 2, -1, 1, 1),
(0, 2, 66.00, 0, 0, 10.5000, TRUE, TRUE, 1, 2, 1, 1, -1, 2, 0),
(0, 1, 28.00, 1, 0, 82.1708, TRUE, FALSE, 1, 0, 0, 1, -1, 0, 0),
(0, 1, 42.00, 1, 0, 52.0000, TRUE, FALSE, 1, 2, 0, 1, -1, 2, 0),
(1, 3, NULL, 0, 0, 7.2292, TRUE, TRUE, 1, 0, 2, 1, -1, 0, 1),
(0, 3, 21.00, 0, 0, 8.0500, TRUE, TRUE, 1, 2, 2, 1, -1, 2, 0),
(0, 3, 18.00, 2, 0, 18.0000, FALSE, FALSE, 0, 2, 2, 2, -1, 2, 0),
(1, 3, 14.00, 1, 0, 11.2417, FALSE, FALSE, 0, 0, 2, 0, -1, 0, 1),
(0, 3, 40.00, 1, 0, 9.4750, FALSE, FALSE, 0, 2, 2, 2, -1, 2, 0),
(0, 2, 27.00, 1, 0, 21.0000, FALSE, FALSE, 0, 2, 1, 2, -1, 2, 0),
(0, 3, NULL, 0, 0, 7.8958, TRUE, TRUE, 1, 0, 2, 1, -1, 0, 0),
(1, 2, 3.00, 1, 2, 41.5792, FALSE, FALSE, 0, 0, 1, 0, -1, 0, 1),
(1, 3, 19.00, 0, 0, 7.8792, FALSE, TRUE, 0, 1, 2, 2, -1, 1, 1),
(0, 3, NULL, 0, 0, 8.0500, TRUE, TRUE, 1, 2, 2, 1, -1, 2, 0),
(0, 3, NULL, 1, 0, 15.5000, TRUE, FALSE, 1, 1, 2, 1, -1, 1, 0),
(1, 3, NULL, 0, 0, 7.7500, FALSE, TRUE, 0, 1, 2, 2, -1, 1, 1),
(0, 3, NULL, 2, 0, 21.6792, TRUE, FALSE, 1, 0, 2, 1, -1, 0, 0),
(0, 3, 18.00, 1, 0, 17.8000, FALSE, FALSE, 0, 2, 2, 2, -1, 2, 0);

INSERT INTO Observation (survived, pclass, age, sibsp, parch, fare, adult_male, alone, sex_id, embarked_id, class_id, who_id, deck_id, embark_town_id, alive_id) VALUES
(0, 3, 7.00, 4, 1, 39.6875, FALSE, FALSE, 1, 2, 2, 0, -1, 2, 0),
(0, 3, 21.00, 0, 0, 7.8000, TRUE, TRUE, 1, 2, 2, 1, -1, 2, 0),
(1, 1, 49.00, 1, 0, 76.7292, FALSE, FALSE, 0, 0, 0, 2, 3, 0, 1),
(1, 2, 29.00, 1, 0, 26.0000, FALSE, FALSE, 0, 2, 1, 2, -1, 2, 1),
(0, 1, 65.00, 0, 1, 61.9792, TRUE, FALSE, 1, 0, 0, 1, 1, 0, 0),
(1, 1, NULL, 0, 0, 35.5000, TRUE, TRUE, 1, 2, 0, 1, 2, 2, 1),
(1, 2, 21.00, 0, 0, 10.5000, FALSE, TRUE, 0, 2, 1, 2, -1, 2, 1),
(0, 3, 28.50, 0, 0, 7.2292, TRUE, TRUE, 1, 0, 2, 1, -1, 0, 0),
(1, 2, 5.00, 1, 2, 27.7500, FALSE, FALSE, 0, 2, 1, 0, -1, 2, 1),
(0, 3, 11.00, 5, 2, 46.9000, FALSE, FALSE, 1, 2, 2, 0, -1, 2, 0),
(0, 3, 22.00, 0, 0, 7.2292, TRUE, TRUE, 1, 0, 2, 1, -1, 0, 0),
(1, 1, 38.00, 0, 0, 80.0000, FALSE, TRUE, 0, -1, 0, 2, 1, -1, 1),
(0, 1, 45.00, 1, 0, 83.4750, TRUE, FALSE, 1, 2, 0, 1, 2, 2, 0),
(0, 3, 4.00, 3, 2, 27.9000, FALSE, FALSE, 1, 2, 2, 0, -1, 2, 0),
(0, 1, NULL, 0, 0, 27.7208, TRUE, TRUE, 1, 0, 0, 1, -1, 0, 0),
(1, 3, NULL, 1, 1, 15.2458, TRUE, FALSE, 1, 0, 2, 1, -1, 0, 1),
(1, 2, 29.00, 0, 0, 10.5000, FALSE, TRUE, 0, 2, 1, 2, 5, 2, 1),
(0, 3, 19.00, 0, 0, 8.1583, TRUE, TRUE, 1, 2, 2, 1, -1, 2, 0),
(1, 3, 17.00, 4, 2, 7.9250, FALSE, FALSE, 0, 2, 2, 2, -1, 2, 1),
(0, 3, 26.00, 2, 0, 8.6625, TRUE, FALSE, 1, 2, 2, 1, -1, 2, 0),
(0, 2, 32.00, 0, 0, 10.5000, TRUE, TRUE, 1, 2, 1, 1, -1, 2, 0),
(0, 3, 16.00, 5, 2, 46.9000, FALSE, FALSE, 0, 2, 2, 2, -1, 2, 0),
(0, 2, 21.00, 0, 0, 73.5000, TRUE, TRUE, 1, 2, 1, 1, -1, 2, 0),
(0, 3, 26.00, 1, 0, 14.4542, TRUE, FALSE, 1, 0, 2, 1, -1, 0, 0),
(1, 3, 32.00, 0, 0, 56.4958, TRUE, TRUE, 1, 2, 2, 1, -1, 2, 1),
(0, 3, 25.00, 0, 0, 7.6500, TRUE, TRUE, 1, 2, 2, 1, 5, 2, 0),
(0, 3, NULL, 0, 0, 7.8958, TRUE, TRUE, 1, 2, 2, 1, -1, 2, 0),
(0, 3, NULL, 0, 0, 8.0500, TRUE, TRUE, 1, 2, 2, 1, -1, 2, 0),
(1, 2, 0.83, 0, 2, 29.0000, FALSE, FALSE, 1, 2, 1, 0, -1, 2, 1),
(1, 3, 30.00, 0, 0, 12.4750, FALSE, TRUE, 0, 2, 2, 2, -1, 2, 1),
(0, 3, 22.00, 0, 0, 9.0000, TRUE, TRUE, 1, 2, 2, 1, -1, 2, 0),
(1, 3, 29.00, 0, 0, 9.5000, TRUE, TRUE, 1, 2, 2, 1, -1, 2, 1),
(1, 3, NULL, 0, 0, 7.7875, FALSE, TRUE, 0, 1, 2, 2, -1, 1, 1),
(0, 1, 28.00, 0, 0, 47.1000, TRUE, TRUE, 1, 2, 0, 1, -1, 2, 0),
(1, 2, 17.00, 0, 0, 10.5000, FALSE, TRUE, 0, 2, 1, 2, -1, 2, 1),
(1, 3, 33.00, 3, 0, 15.8500, FALSE, FALSE, 0, 2, 2, 2, -1, 2, 1),
(0, 3, 16.00, 1, 3, 34.3750, TRUE, FALSE, 1, 2, 2, 1, -1, 2, 0),
(0, 3, NULL, 0, 0, 8.0500, TRUE, TRUE, 1, 2, 2, 1, -1, 2, 0),
(1, 1, 23.00, 3, 2, 263.0000, FALSE, FALSE, 0, 2, 0, 2, 2, 2, 1),
(0, 3, 24.00, 0, 0, 8.0500, TRUE, TRUE, 1, 2, 2, 1, -1, 2, 0),
(0, 3, 29.00, 0, 0, 8.0500, TRUE, TRUE, 1, 2, 2, 1, -1, 2, 0),
(0, 3, 20.00, 0, 0, 7.8542, TRUE, TRUE, 1, 2, 2, 1, -1, 2, 0),
(0, 1, 46.00, 1, 0, 61.1750, TRUE, FALSE, 1, 2, 0, 1, 4, 2, 0),
(0, 3, 26.00, 1, 2, 20.5750, TRUE, FALSE, 1, 2, 2, 1, -1, 2, 0),
(0, 3, 59.00, 0, 0, 7.2500, TRUE, TRUE, 1, 2, 2, 1, -1, 2, 0),
(0, 3, NULL, 0, 0, 8.0500, TRUE, TRUE, 1, 2, 2, 1, -1, 2, 0),
(0, 1, 71.00, 0, 0, 34.6542, TRUE, TRUE, 1, 0, 0, 1, 0, 0, 0),
(1, 1, 23.00, 0, 1, 63.3583, TRUE, FALSE, 1, 0, 0, 1, 3, 0, 1),
(1, 2, 34.00, 0, 1, 23.0000, FALSE, FALSE, 0, 2, 1, 2, -1, 2, 1),
(0, 2, 34.00, 1, 0, 26.0000, TRUE, FALSE, 1, 2, 1, 1, -1, 2, 0);

INSERT INTO Observation (survived, pclass, age, sibsp, parch, fare, adult_male, alone, sex_id, embarked_id, class_id, who_id, deck_id, embark_town_id, alive_id) VALUES
(0, 3, 28.00, 0, 0, 7.8958, FALSE, TRUE, 0, 2, 2, 2, -1, 2, 0),
(0, 3, NULL, 0, 0, 7.8958, TRUE, TRUE, 1, 2, 2, 1, -1, 2, 0),
(0, 1, 21.00, 0, 1, 77.2875, TRUE, FALSE, 1, 2, 0, 1, 3, 2, 0),
(0, 3, 33.00, 0, 0, 8.6542, TRUE, TRUE, 1, 2, 2, 1, -1, 2, 0),
(0, 3, 37.00, 2, 0, 7.9250, TRUE, FALSE, 1, 2, 2, 1, -1, 2, 0),
(0, 3, 28.00, 0, 0, 7.8958, TRUE, TRUE, 1, 2, 2, 1, -1, 2, 0),
(1, 3, 21.00, 0, 0, 7.6500, FALSE, TRUE, 0, 2, 2, 2, -1, 2, 1),
(1, 3, NULL, 0, 0, 7.7750, TRUE, TRUE, 1, 2, 2, 1, -1, 2, 1),
(0, 3, 38.00, 0, 0, 7.8958, TRUE, TRUE, 1, 2, 2, 1, -1, 2, 0),
(1, 3, NULL, 1, 0, 24.1500, FALSE, FALSE, 0, 1, 2, 2, -1, 1, 1),
(0, 1, 47.00, 0, 0, 52.0000, TRUE, TRUE, 1, 2, 0, 1, 2, 2, 0),
(0, 3, 14.50, 1, 0, 14.4542, FALSE, FALSE, 0, 0, 2, 0, -1, 0, 0),
(0, 3, 22.00, 0, 0, 8.0500, TRUE, TRUE, 1, 2, 2, 1, -1, 2, 0),
(0, 3, 20.00, 1, 0, 9.8250, FALSE, FALSE, 0, 2, 2, 2, -1, 2, 0),
(0, 3, 17.00, 0, 0, 14.4583, FALSE, TRUE, 0, 0, 2, 2, -1, 0, 0),
(0, 3, 21.00, 0, 0, 7.9250, TRUE, TRUE, 1, 2, 2, 1, -1, 2, 0),
(0, 3, 70.50, 0, 0, 7.7500, TRUE, TRUE, 1, 1, 2, 1, -1, 1, 0),
(0, 2, 29.00, 1, 0, 21.0000, TRUE, FALSE, 1, 2, 1, 1, -1, 2, 0),
(0, 1, 24.00, 0, 1, 247.5208, TRUE, FALSE, 1, 0, 0, 1, 1, 0, 0),
(0, 3, 2.00, 4, 2, 31.2750, FALSE, FALSE, 0, 2, 2, 0, -1, 2, 0),
(0, 2, 21.00, 2, 0, 73.5000, TRUE, FALSE, 1, 2, 1, 1, -1, 2, 0),
(0, 3, NULL, 0, 0, 8.0500, TRUE, TRUE, 1, 2, 2, 1, -1, 2, 0),
(0, 2, 32.50, 1, 0, 30.0708, TRUE, FALSE, 1, 0, 1, 1, -1, 0, 0),
(1, 2, 32.50, 0, 0, 13.0000, FALSE, TRUE, 0, 2, 1, 2, 4, 2, 1),
(0, 1, 54.00, 0, 1, 77.2875, TRUE, FALSE, 1, 2, 0, 1, 3, 2, 0),
(1, 3, 12.00, 1, 0, 11.2417, FALSE, FALSE, 1, 0, 2, 0, -1, 0, 1),
(0, 3, NULL, 0, 0, 7.7500, TRUE, TRUE, 1, 1, 2, 1, -1, 1, 0),
(1, 3, 24.00, 0, 0, 7.1417, TRUE, TRUE, 1, 2, 2, 1, -1, 2, 1),
(1, 3, NULL, 1, 1, 22.3583, FALSE, FALSE, 0, 0, 2, 2, 5, 0, 1),
(0, 3, 45.00, 0, 0, 6.9750, TRUE, TRUE, 1, 2, 2, 1, -1, 2, 0),
(0, 3, 33.00, 0, 0, 7.8958, TRUE, TRUE, 1, 0, 2, 1, -1, 0, 0),
(0, 3, 20.00, 0, 0, 7.0500, TRUE, TRUE, 1, 2, 2, 1, -1, 2, 0),
(0, 3, 47.00, 1, 0, 14.5000, FALSE, FALSE, 0, 2, 2, 2, -1, 2, 0),
(1, 2, 29.00, 1, 0, 26.0000, FALSE, FALSE, 0, 2, 1, 2, -1, 2, 1),
(0, 2, 25.00, 0, 0, 13.0000, TRUE, TRUE, 1, 2, 1, 1, -1, 2, 0),
(0, 2, 23.00, 0, 0, 15.0458, TRUE, TRUE, 1, 0, 1, 1, -1, 0, 0),
(1, 1, 19.00, 0, 2, 26.2833, FALSE, FALSE, 0, 2, 0, 2, 3, 2, 1),
(0, 1, 37.00, 1, 0, 53.1000, TRUE, FALSE, 1, 2, 0, 1, 2, 2, 0),
(0, 3, 16.00, 0, 0, 9.2167, TRUE, TRUE, 1, 2, 2, 1, -1, 2, 0),
(0, 1, 24.00, 0, 0, 79.2000, TRUE, TRUE, 1, 0, 0, 1, 1, 0, 0),
(0, 3, NULL, 0, 2, 15.2458, FALSE, FALSE, 0, 0, 2, 2, -1, 0, 0),
(1, 3, 22.00, 0, 0, 7.7500, FALSE, TRUE, 0, 2, 2, 2, -1, 2, 1),
(1, 3, 24.00, 1, 0, 15.8500, FALSE, FALSE, 0, 2, 2, 2, -1, 2, 1),
(0, 3, 19.00, 0, 0, 6.7500, TRUE, TRUE, 1, 1, 2, 1, -1, 1, 0),
(0, 2, 18.00, 0, 0, 11.5000, TRUE, TRUE, 1, 2, 1, 1, -1, 2, 0),
(0, 2, 19.00, 1, 1, 36.7500, TRUE, FALSE, 1, 2, 1, 1, -1, 2, 0),
(1, 3, 27.00, 0, 0, 7.7958, TRUE, TRUE, 1, 2, 2, 1, -1, 2, 1),
(0, 3, 9.00, 2, 2, 34.3750, FALSE, FALSE, 0, 2, 2, 0, -1, 2, 0),
(0, 2, 36.50, 0, 2, 26.0000, TRUE, FALSE, 1, 2, 1, 1, 5, 2, 0),
(0, 2, 42.00, 0, 0, 13.0000, TRUE, TRUE, 1, 2, 1, 1, -1, 2, 0);

INSERT INTO Observation (survived, pclass, age, sibsp, parch, fare, adult_male, alone, sex_id, embarked_id, class_id, who_id, deck_id, embark_town_id, alive_id) VALUES
(0, 2, 51.00, 0, 0, 12.5250, TRUE, TRUE, 1, 2, 1, 1, -1, 2, 0),
(1, 1, 22.00, 1, 0, 66.6000, FALSE, FALSE, 0, 2, 0, 2, 2, 2, 1),
(0, 3, 55.50, 0, 0, 8.0500, TRUE, TRUE, 1, 2, 2, 1, -1, 2, 0),
(0, 3, 40.50, 0, 2, 14.5000, TRUE, FALSE, 1, 2, 2, 1, -1, 2, 0),
(0, 3, NULL, 0, 0, 7.3125, TRUE, TRUE, 1, 2, 2, 1, -1, 2, 0),
(0, 1, 51.00, 0, 1, 61.3792, TRUE, FALSE, 1, 0, 0, 1, -1, 0, 0),
(1, 3, 16.00, 0, 0, 7.7333, FALSE, TRUE, 0, 1, 2, 2, -1, 1, 1),
(0, 3, 30.00, 0, 0, 8.0500, TRUE, TRUE, 1, 2, 2, 1, -1, 2, 0),
(0, 3, NULL, 0, 0, 8.6625, TRUE, TRUE, 1, 2, 2, 1, -1, 2, 0),
(0, 3, NULL, 8, 2, 69.5500, TRUE, FALSE, 1, 2, 2, 1, -1, 2, 0),
(0, 3, 44.00, 0, 1, 16.1000, TRUE, FALSE, 1, 2, 2, 1, -1, 2, 0),
(1, 2, 40.00, 0, 0, 15.7500, FALSE, TRUE, 0, 2, 1, 2, -1, 2, 1),
(0, 3, 26.00, 0, 0, 7.7750, TRUE, TRUE, 1, 2, 2, 1, -1, 2, 0),
(0, 3, 17.00, 0, 0, 8.6625, TRUE, TRUE, 1, 2, 2, 1, -1, 2, 0),
(0, 3, 1.00, 4, 1, 39.6875, FALSE, FALSE, 1, 2, 2, 0, -1, 2, 0),
(1, 3, 9.00, 0, 2, 20.5250, FALSE, FALSE, 1, 2, 2, 0, -1, 2, 1),
(1, 1, NULL, 0, 1, 55.0000, FALSE, FALSE, 0, 2, 0, 2, 4, 2, 1),
(0, 3, 45.00, 1, 4, 27.9000, FALSE, FALSE, 0, 2, 2, 2, -1, 2, 0),
(0, 1, NULL, 0, 0, 25.9250, TRUE, TRUE, 1, 2, 0, 1, -1, 2, 0),
(0, 3, 28.00, 0, 0, 56.4958, TRUE, TRUE, 1, 2, 2, 1, -1, 2, 0),
(0, 1, 61.00, 0, 0, 33.5000, TRUE, TRUE, 1, 2, 0, 1, 1, 2, 0),
(0, 3, 4.00, 4, 1, 29.1250, FALSE, FALSE, 1, 1, 2, 0, -1, 1, 0),
(1, 3, 1.00, 1, 1, 11.1333, FALSE, FALSE, 0, 2, 2, 0, -1, 2, 1),
(0, 3, 21.00, 0, 0, 7.9250, TRUE, TRUE, 1, 2, 2, 1, -1, 2, 0),
(0, 1, 56.00, 0, 0, 30.6958, TRUE, TRUE, 1, 0, 0, 1, 0, 0, 0),
(0, 3, 18.00, 1, 1, 7.8542, TRUE, FALSE, 1, 2, 2, 1, -1, 2, 0),
(0, 3, NULL, 3, 1, 25.4667, TRUE, FALSE, 1, 2, 2, 1, -1, 2, 0),
(0, 1, 50.00, 0, 0, 28.7125, FALSE, TRUE, 0, 0, 0, 2, 2, 0, 0),
(0, 2, 30.00, 0, 0, 13.0000, TRUE, TRUE, 1, 2, 1, 1, -1, 2, 0),
(0, 3, 36.00, 0, 0, 0.0000, TRUE, TRUE, 1, 2, 2, 1, -1, 2, 0),
(0, 3, NULL, 8, 2, 69.5500, FALSE, FALSE, 0, 2, 2, 2, -1, 2, 0),
(0, 2, NULL, 0, 0, 15.0500, TRUE, TRUE, 1, 0, 1, 1, -1, 0, 0),
(0, 3, 9.00, 4, 2, 31.3875, FALSE, FALSE, 1, 2, 2, 0, -1, 2, 0),
(1, 2, 1.00, 2, 1, 39.0000, FALSE, FALSE, 1, 2, 1, 0, 5, 2, 1),
(1, 3, 4.00, 0, 2, 22.0250, FALSE, FALSE, 0, 2, 2, 0, -1, 2, 1),
(0, 1, NULL, 0, 0, 50.0000, TRUE, TRUE, 1, 2, 0, 1, 0, 2, 0),
(1, 3, NULL, 1, 0, 15.5000, FALSE, FALSE, 0, 1, 2, 2, -1, 1, 1),
(1, 1, 45.00, 0, 0, 26.5500, TRUE, TRUE, 1, 2, 0, 1, -1, 2, 1),
(0, 3, 40.00, 1, 1, 15.5000, TRUE, FALSE, 1, 1, 2, 1, -1, 1, 0),
(0, 3, 36.00, 0, 0, 7.8958, TRUE, TRUE, 1, 2, 2, 1, -1, 2, 0),
(1, 2, 32.00, 0, 0, 13.0000, FALSE, TRUE, 0, 2, 1, 2, -1, 2, 1),
(0, 2, 19.00, 0, 0, 13.0000, TRUE, TRUE, 1, 2, 1, 1, -1, 2, 0),
(1, 3, 19.00, 1, 0, 7.8542, FALSE, FALSE, 0, 2, 2, 2, -1, 2, 1),
(1, 2, 3.00, 1, 1, 26.0000, FALSE, FALSE, 1, 2, 1, 0, 5, 2, 1),
(1, 1, 44.00, 0, 0, 27.7208, FALSE, TRUE, 0, 0, 0, 2, 1, 0, 1),
(1, 1, 58.00, 0, 0, 146.5208, FALSE, TRUE, 0, 0, 0, 2, 1, 0, 1),
(0, 3, NULL, 0, 0, 7.7500, TRUE, TRUE, 1, 1, 2, 1, -1, 1, 0),
(0, 3, 42.00, 0, 1, 8.4042, TRUE, FALSE, 1, 2, 2, 1, -1, 2, 0),
(1, 3, NULL, 0, 0, 7.7500, FALSE, TRUE, 0, 1, 2, 2, -1, 1, 1),
(0, 2, 24.00, 0, 0, 13.0000, FALSE, TRUE, 0, 2, 1, 2, -1, 2, 0);

INSERT INTO Observation (survived, pclass, age, sibsp, parch, fare, adult_male, alone, sex_id, embarked_id, class_id, who_id, deck_id, embark_town_id, alive_id) VALUES
(0, 3, 28.00, 0, 0, 9.5000, TRUE, TRUE, 1, 2, 2, 1, -1, 2, 0),
(0, 3, NULL, 8, 2, 69.5500, TRUE, FALSE, 1, 2, 2, 1, -1, 2, 0),
(0, 3, 34.00, 0, 0, 6.4958, TRUE, TRUE, 1, 2, 2, 1, -1, 2, 0),
(0, 3, 45.50, 0, 0, 7.2250, TRUE, TRUE, 1, 0, 2, 1, -1, 0, 0),
(1, 3, 18.00, 0, 0, 8.0500, TRUE, TRUE, 1, 2, 2, 1, -1, 2, 1),
(0, 3, 2.00, 0, 1, 10.4625, FALSE, FALSE, 0, 2, 2, 0, 6, 2, 0),
(0, 3, 32.00, 1, 0, 15.8500, TRUE, FALSE, 1, 2, 2, 1, -1, 2, 0),
(1, 3, 26.00, 0, 0, 18.7875, TRUE, TRUE, 1, 0, 2, 1, -1, 0, 1),
(1, 3, 16.00, 0, 0, 7.7500, FALSE, TRUE, 0, 1, 2, 2, -1, 1, 1),
(1, 1, 40.00, 0, 0, 31.0000, TRUE, TRUE, 1, 0, 0, 1, 0, 0, 1),
(0, 3, 24.00, 0, 0, 7.0500, TRUE, TRUE, 1, 2, 2, 1, -1, 2, 0),
(1, 2, 35.00, 0, 0, 21.0000, FALSE, TRUE, 0, 2, 1, 2, -1, 2, 1),
(0, 3, 22.00, 0, 0, 7.2500, TRUE, TRUE, 1, 2, 2, 1, -1, 2, 0),
(0, 2, 30.00, 0, 0, 13.0000, TRUE, TRUE, 1, 2, 1, 1, -1, 2, 0),
(0, 3, NULL, 1, 0, 7.7500, TRUE, FALSE, 1, 1, 2, 1, -1, 1, 0),
(1, 1, 31.00, 1, 0, 113.2750, FALSE, FALSE, 0, 0, 0, 2, 3, 0, 1),
(1, 3, 27.00, 0, 0, 7.9250, FALSE, TRUE, 0, 2, 2, 2, -1, 2, 1),
(0, 2, 42.00, 1, 0, 27.0000, TRUE, FALSE, 1, 2, 1, 1, -1, 2, 0),
(1, 1, 32.00, 0, 0, 76.2917, FALSE, TRUE, 0, 0, 0, 2, 3, 0, 1),
(0, 2, 30.00, 0, 0, 10.5000, TRUE, TRUE, 1, 2, 1, 1, -1, 2, 0),
(1, 3, 16.00, 0, 0, 8.0500, TRUE, TRUE, 1, 2, 2, 1, -1, 2, 1),
(0, 2, 27.00, 0, 0, 13.0000, TRUE, TRUE, 1, 2, 1, 1, -1, 2, 0),
(0, 3, 51.00, 0, 0, 8.0500, TRUE, TRUE, 1, 2, 2, 1, -1, 2, 0),
(0, 3, NULL, 0, 0, 7.8958, TRUE, TRUE, 1, 2, 2, 1, -1, 2, 0),
(1, 1, 38.00, 1, 0, 90.0000, TRUE, FALSE, 1, 2, 0, 1, 2, 2, 1),
(0, 3, 22.00, 0, 0, 9.3500, TRUE, TRUE, 1, 2, 2, 1, -1, 2, 0),
(1, 2, 19.00, 0, 0, 10.5000, TRUE, TRUE, 1, 2, 1, 1, -1, 2, 1),
(0, 3, 20.50, 0, 0, 7.2500, TRUE, TRUE, 1, 2, 2, 1, -1, 2, 0),
(0, 2, 18.00, 0, 0, 13.0000, TRUE, TRUE, 1, 2, 1, 1, -1, 2, 0),
(0, 3, NULL, 3, 1, 25.4667, FALSE, FALSE, 0, 2, 2, 2, -1, 2, 0),
(1, 1, 35.00, 1, 0, 83.4750, FALSE, FALSE, 0, 2, 0, 2, 2, 2, 1),
(0, 3, 29.00, 0, 0, 7.7750, TRUE, TRUE, 1, 2, 2, 1, -1, 2, 0),
(0, 2, 59.00, 0, 0, 13.5000, TRUE, TRUE, 1, 2, 1, 1, -1, 2, 0),
(1, 3, 5.00, 4, 2, 31.3875, FALSE, FALSE, 0, 2, 2, 0, -1, 2, 1),
(0, 2, 24.00, 0, 0, 10.5000, TRUE, TRUE, 1, 2, 1, 1, -1, 2, 0),
(0, 3, NULL, 0, 0, 7.5500, FALSE, TRUE, 0, 2, 2, 2, -1, 2, 0),
(0, 2, 44.00, 1, 0, 26.0000, TRUE, FALSE, 1, 2, 1, 1, -1, 2, 0),
(1, 2, 8.00, 0, 2, 26.2500, FALSE, FALSE, 0, 2, 1, 0, -1, 2, 1),
(0, 2, 19.00, 0, 0, 10.5000, TRUE, TRUE, 1, 2, 1, 1, -1, 2, 0),
(0, 2, 33.00, 0, 0, 12.2750, TRUE, TRUE, 1, 2, 1, 1, -1, 2, 0),
(0, 3, NULL, 1, 0, 14.4542, FALSE, FALSE, 0, 0, 2, 2, -1, 0, 0),
(1, 3, NULL, 1, 0, 15.5000, FALSE, FALSE, 0, 1, 2, 2, -1, 1, 1),
(0, 2, 29.00, 0, 0, 10.5000, TRUE, TRUE, 1, 2, 1, 1, -1, 2, 0),
(0, 3, 22.00, 0, 0, 7.1250, TRUE, TRUE, 1, 2, 2, 1, -1, 2, 0),
(0, 3, 30.00, 0, 0, 7.2250, TRUE, TRUE, 1, 0, 2, 1, -1, 0, 0),
(0, 1, 44.00, 2, 0, 90.0000, TRUE, FALSE, 1, 1, 0, 1, 2, 1, 0),
(0, 3, 25.00, 0, 0, 7.7750, FALSE, TRUE, 0, 2, 2, 2, -1, 2, 0),
(1, 2, 24.00, 0, 2, 14.5000, FALSE, FALSE, 0, 2, 1, 2, -1, 2, 1),
(1, 1, 37.00, 1, 1, 52.5542, TRUE, FALSE, 1, 2, 0, 1, 3, 2, 1),
(0, 2, 54.00, 1, 0, 26.0000, TRUE, FALSE, 1, 2, 1, 1, -1, 2, 0);

INSERT INTO Observation (survived, pclass, age, sibsp, parch, fare, adult_male, alone, sex_id, embarked_id, class_id, who_id, deck_id, embark_town_id, alive_id) VALUES
(0, 3, NULL, 0, 0, 7.2500, TRUE, TRUE, 1, 2, 2, 1, -1, 2, 0),
(0, 3, 29.00, 1, 1, 10.4625, FALSE, FALSE, 0, 2, 2, 2, 6, 2, 0),
(0, 1, 62.00, 0, 0, 26.5500, TRUE, TRUE, 1, 2, 0, 1, 2, 2, 0),
(0, 3, 30.00, 1, 0, 16.1000, TRUE, FALSE, 1, 2, 2, 1, -1, 2, 0),
(0, 3, 41.00, 0, 2, 20.2125, FALSE, FALSE, 0, 2, 2, 2, -1, 2, 0),
(1, 3, 29.00, 0, 2, 15.2458, FALSE, FALSE, 0, 0, 2, 2, -1, 0, 1),
(1, 1, NULL, 0, 0, 79.2000, FALSE, TRUE, 0, 0, 0, 2, -1, 0, 1),
(1, 1, 30.00, 0, 0, 86.5000, FALSE, TRUE, 0, 2, 0, 2, 1, 2, 1),
(1, 1, 35.00, 0, 0, 512.3292, FALSE, TRUE, 0, 0, 0, 2, -1, 0, 1),
(1, 2, 50.00, 0, 1, 26.0000, FALSE, FALSE, 0, 2, 1, 2, -1, 2, 1),
(0, 3, NULL, 0, 0, 7.7500, TRUE, TRUE, 1, 1, 2, 1, -1, 1, 0),
(1, 3, 3.00, 4, 2, 31.3875, FALSE, FALSE, 1, 2, 2, 0, -1, 2, 1),
(0, 1, 52.00, 1, 1, 79.6500, TRUE, FALSE, 1, 2, 0, 1, 4, 2, 0),
(0, 1, 40.00, 0, 0, 0.0000, TRUE, TRUE, 1, 2, 0, 1, 1, 2, 0),
(0, 3, NULL, 0, 0, 7.7500, FALSE, TRUE, 0, 1, 2, 2, -1, 1, 0),
(0, 2, 36.00, 0, 0, 10.5000, TRUE, TRUE, 1, 2, 1, 1, -1, 2, 0),
(0, 3, 16.00, 4, 1, 39.6875, TRUE, FALSE, 1, 2, 2, 1, -1, 2, 0),
(1, 3, 25.00, 1, 0, 7.7750, TRUE, FALSE, 1, 2, 2, 1, -1, 2, 1),
(1, 1, 58.00, 0, 1, 153.4625, FALSE, FALSE, 0, 2, 0, 2, 2, 2, 1),
(1, 1, 35.00, 0, 0, 135.6333, FALSE, TRUE, 0, 2, 0, 2, 2, 2, 1),
(0, 1, NULL, 0, 0, 31.0000, TRUE, TRUE, 1, 2, 0, 1, -1, 2, 0),
(1, 3, 25.00, 0, 0, 0.0000, TRUE, TRUE, 1, 2, 2, 1, -1, 2, 1),
(1, 2, 41.00, 0, 1, 19.5000, FALSE, FALSE, 0, 2, 1, 2, -1, 2, 1),
(0, 1, 37.00, 0, 1, 29.7000, TRUE, FALSE, 1, 0, 0, 1, 2, 0, 0),
(1, 3, NULL, 0, 0, 7.7500, FALSE, TRUE, 0, 1, 2, 2, -1, 1, 1),
(1, 1, 63.00, 1, 0, 77.9583, FALSE, FALSE, 0, 2, 0, 2, 3, 2, 1),
(0, 3, 45.00, 0, 0, 7.7500, FALSE, TRUE, 0, 2, 2, 2, -1, 2, 0),
(0, 2, NULL, 0, 0, 0.0000, TRUE, TRUE, 1, 2, 1, 1, -1, 2, 0),
(0, 3, 7.00, 4, 1, 29.1250, FALSE, FALSE, 1, 1, 2, 0, -1, 1, 0),
(1, 3, 35.00, 1, 1, 20.2500, FALSE, FALSE, 0, 2, 2, 2, -1, 2, 1),
(0, 3, 65.00, 0, 0, 7.7500, TRUE, TRUE, 1, 1, 2, 1, -1, 1, 0),
(0, 3, 28.00, 0, 0, 7.8542, TRUE, TRUE, 1, 2, 2, 1, -1, 2, 0),
(0, 3, 16.00, 0, 0, 9.5000, TRUE, TRUE, 1, 2, 2, 1, -1, 2, 0),
(1, 3, 19.00, 0, 0, 8.0500, TRUE, TRUE, 1, 2, 2, 1, -1, 2, 1),
(0, 1, NULL, 0, 0, 26.0000, TRUE, TRUE, 1, 2, 0, 1, 0, 2, 0),
(0, 3, 33.00, 0, 0, 8.6625, TRUE, TRUE, 1, 0, 2, 1, -1, 0, 0),
(1, 3, 30.00, 0, 0, 9.5000, TRUE, TRUE, 1, 2, 2, 1, -1, 2, 1),
(0, 3, 22.00, 0, 0, 7.8958, TRUE, TRUE, 1, 2, 2, 1, -1, 2, 0),
(1, 2, 42.00, 0, 0, 13.0000, TRUE, TRUE, 1, 2, 1, 1, -1, 2, 1),
(1, 3, 22.00, 0, 0, 7.7500, FALSE, TRUE, 0, 1, 2, 2, -1, 1, 1),
(1, 1, 26.00, 0, 0, 78.8500, FALSE, TRUE, 0, 2, 0, 2, -1, 2, 1),
(1, 1, 19.00, 1, 0, 91.0792, FALSE, FALSE, 0, 0, 0, 2, 1, 0, 1),
(0, 2, 36.00, 0, 0, 12.8750, TRUE, TRUE, 1, 0, 1, 1, 3, 0, 0),
(0, 3, 24.00, 0, 0, 8.8500, FALSE, TRUE, 0, 2, 2, 2, -1, 2, 0),
(0, 3, 24.00, 0, 0, 7.8958, TRUE, TRUE, 1, 2, 2, 1, -1, 2, 0),
(0, 1, NULL, 0, 0, 27.7208, TRUE, TRUE, 1, 0, 0, 1, -1, 0, 0),
(0, 3, 23.50, 0, 0, 7.2292, TRUE, TRUE, 1, 0, 2, 1, -1, 0, 0),
(0, 1, 2.00, 1, 2, 151.5500, FALSE, FALSE, 0, 2, 0, 0, 2, 2, 0),
(1, 1, NULL, 0, 0, 30.5000, TRUE, TRUE, 1, 2, 0, 1, 2, 2, 1),
(1, 1, 50.00, 0, 1, 247.5208, FALSE, FALSE, 0, 0, 0, 2, 1, 0, 1);

INSERT INTO Observation (survived, pclass, age, sibsp, parch, fare, adult_male, alone, sex_id, embarked_id, class_id, who_id, deck_id, embark_town_id, alive_id) VALUES
(1, 3, NULL, 0, 0, 7.7500, FALSE, TRUE, 0, 1, 2, 2, -1, 1, 1),
(1, 3, NULL, 2, 0, 23.2500, TRUE, FALSE, 1, 1, 2, 1, -1, 1, 1),
(0, 3, 19.00, 0, 0, 0.0000, TRUE, TRUE, 1, 2, 2, 1, -1, 2, 0),
(1, 2, NULL, 0, 0, 12.3500, FALSE, TRUE, 0, 1, 1, 2, 4, 1, 1),
(0, 3, NULL, 0, 0, 8.0500, TRUE, TRUE, 1, 2, 2, 1, -1, 2, 0),
(1, 1, 0.92, 1, 2, 151.5500, FALSE, FALSE, 1, 2, 0, 0, 2, 2, 1),
(1, 1, NULL, 0, 0, 110.8833, FALSE, TRUE, 0, 0, 0, 2, -1, 0, 1),
(1, 1, 17.00, 1, 0, 108.9000, FALSE, FALSE, 0, 0, 0, 2, 2, 0, 1),
(0, 2, 30.00, 1, 0, 24.0000, TRUE, FALSE, 1, 0, 1, 1, -1, 0, 0),
(1, 1, 30.00, 0, 0, 56.9292, FALSE, TRUE, 0, 0, 0, 2, 4, 0, 1),
(1, 1, 24.00, 0, 0, 83.1583, FALSE, TRUE, 0, 0, 0, 2, 2, 0, 1),
(1, 1, 18.00, 2, 2, 262.3750, FALSE, FALSE, 0, 0, 0, 2, 1, 0, 1),
(0, 2, 26.00, 1, 1, 26.0000, FALSE, FALSE, 0, 2, 1, 2, -1, 2, 0),
(0, 3, 28.00, 0, 0, 7.8958, TRUE, TRUE, 1, 2, 2, 1, -1, 2, 0),
(0, 2, 43.00, 1, 1, 26.2500, TRUE, FALSE, 1, 2, 1, 1, -1, 2, 0),
(1, 3, 26.00, 0, 0, 7.8542, FALSE, TRUE, 0, 2, 2, 2, -1, 2, 1),
(1, 2, 24.00, 1, 0, 26.0000, FALSE, FALSE, 0, 2, 1, 2, -1, 2, 1),
(0, 2, 54.00, 0, 0, 14.0000, TRUE, TRUE, 1, 2, 1, 1, -1, 2, 0),
(1, 1, 31.00, 0, 2, 164.8667, FALSE, FALSE, 0, 2, 0, 2, 2, 2, 1),
(1, 1, 40.00, 1, 1, 134.5000, FALSE, FALSE, 0, 0, 0, 2, 4, 0, 1),
(0, 3, 22.00, 0, 0, 7.2500, TRUE, TRUE, 1, 2, 2, 1, -1, 2, 0),
(0, 3, 27.00, 0, 0, 7.8958, TRUE, TRUE, 1, 2, 2, 1, -1, 2, 0),
(1, 2, 30.00, 0, 0, 12.3500, FALSE, TRUE, 0, 1, 1, 2, -1, 1, 1),
(1, 2, 22.00, 1, 1, 29.0000, FALSE, FALSE, 0, 2, 1, 2, -1, 2, 1),
(0, 3, NULL, 8, 2, 69.5500, TRUE, FALSE, 1, 2, 2, 1, -1, 2, 0),
(1, 1, 36.00, 0, 0, 135.6333, FALSE, TRUE, 0, 0, 0, 2, 2, 0, 1),
(0, 3, 61.00, 0, 0, 6.2375, TRUE, TRUE, 1, 2, 2, 1, -1, 2, 0),
(1, 2, 36.00, 0, 0, 13.0000, FALSE, TRUE, 0, 2, 1, 2, 3, 2, 1),
(1, 3, 31.00, 1, 1, 20.5250, FALSE, FALSE, 0, 2, 2, 2, -1, 2, 1),
(1, 1, 16.00, 0, 1, 57.9792, FALSE, FALSE, 0, 0, 0, 2, 1, 0, 1),
(1, 3, NULL, 2, 0, 23.2500, FALSE, FALSE, 0, 1, 2, 2, -1, 1, 1),
(0, 1, 45.50, 0, 0, 28.5000, TRUE, TRUE, 1, 2, 0, 1, 2, 2, 0),
(0, 1, 38.00, 0, 1, 153.4625, TRUE, FALSE, 1, 2, 0, 1, 2, 2, 0),
(0, 3, 16.00, 2, 0, 18.0000, TRUE, FALSE, 1, 2, 2, 1, -1, 2, 0),
(1, 1, NULL, 1, 0, 133.6500, FALSE, FALSE, 0, 2, 0, 2, -1, 2, 1),
(0, 3, NULL, 0, 0, 7.8958, TRUE, TRUE, 1, 2, 2, 1, -1, 2, 0),
(0, 1, 29.00, 1, 0, 66.6000, TRUE, FALSE, 1, 2, 0, 1, 2, 2, 0),
(1, 1, 41.00, 0, 0, 134.5000, FALSE, TRUE, 0, 0, 0, 2, 4, 0, 1),
(1, 3, 45.00, 0, 0, 8.0500, TRUE, TRUE, 1, 2, 2, 1, -1, 2, 1),
(0, 1, 45.00, 0, 0, 35.5000, TRUE, TRUE, 1, 2, 0, 1, -1, 2, 0),
(1, 2, 2.00, 1, 1, 26.0000, FALSE, FALSE, 1, 2, 1, 0, 5, 2, 1),
(1, 1, 24.00, 3, 2, 263.0000, FALSE, FALSE, 0, 2, 0, 2, 2, 2, 1),
(0, 2, 28.00, 0, 0, 13.0000, TRUE, TRUE, 1, 2, 1, 1, -1, 2, 0),
(0, 2, 25.00, 0, 0, 13.0000, TRUE, TRUE, 1, 2, 1, 1, -1, 2, 0),
(0, 2, 36.00, 0, 0, 13.0000, TRUE, TRUE, 1, 2, 1, 1, -1, 2, 0),
(1, 2, 24.00, 0, 0, 13.0000, FALSE, TRUE, 0, 2, 1, 2, 5, 2, 1),
(1, 2, 40.00, 0, 0, 13.0000, FALSE, TRUE, 0, 2, 1, 2, -1, 2, 1),
(1, 3, NULL, 1, 0, 16.1000, FALSE, FALSE, 0, 2, 2, 2, -1, 2, 1),
(1, 3, 3.00, 1, 1, 15.9000, FALSE, FALSE, 1, 2, 2, 0, -1, 2, 1),
(0, 3, 42.00, 0, 0, 8.6625, TRUE, TRUE, 1, 2, 2, 1, -1, 2, 0);

INSERT INTO Observation (survived, pclass, age, sibsp, parch, fare, adult_male, alone, sex_id, embarked_id, class_id, who_id, deck_id, embark_town_id, alive_id) VALUES
(0, 3, 23.00, 0, 0, 9.2250, TRUE, TRUE, 1, 2, 2, 1, -1, 2, 0),
(0, 1, NULL, 0, 0, 35.0000, TRUE, TRUE, 1, 2, 0, 1, 2, 2, 0),
(0, 3, 15.00, 1, 1, 7.2292, FALSE, FALSE, 1, 0, 2, 0, -1, 0, 0),
(0, 3, 25.00, 1, 0, 17.8000, TRUE, FALSE, 1, 2, 2, 1, -1, 2, 0),
(0, 3, NULL, 0, 0, 7.2250, TRUE, TRUE, 1, 0, 2, 1, -1, 0, 0),
(0, 3, 28.00, 0, 0, 9.5000, TRUE, TRUE, 1, 2, 2, 1, -1, 2, 0),
(1, 1, 22.00, 0, 1, 55.0000, FALSE, FALSE, 0, 2, 0, 2, 4, 2, 1),
(0, 2, 38.00, 0, 0, 13.0000, FALSE, TRUE, 0, 2, 1, 2, -1, 2, 0),
(1, 3, NULL, 0, 0, 7.8792, FALSE, TRUE, 0, 1, 2, 2, -1, 1, 1),
(1, 3, NULL, 0, 0, 7.8792, FALSE, TRUE, 0, 1, 2, 2, -1, 1, 1),
(0, 3, 40.00, 1, 4, 27.9000, TRUE, FALSE, 1, 2, 2, 1, -1, 2, 0),
(0, 2, 29.00, 1, 0, 27.7208, TRUE, FALSE, 1, 0, 1, 1, -1, 0, 0),
(0, 3, 45.00, 0, 1, 14.4542, FALSE, FALSE, 0, 0, 2, 2, -1, 0, 0),
(0, 3, 35.00, 0, 0, 7.0500, TRUE, TRUE, 1, 2, 2, 1, -1, 2, 0),
(0, 3, NULL, 1, 0, 15.5000, TRUE, FALSE, 1, 1, 2, 1, -1, 1, 0),
(0, 3, 30.00, 0, 0, 7.2500, TRUE, TRUE, 1, 2, 2, 1, -1, 2, 0),
(1, 1, 60.00, 1, 0, 75.2500, FALSE, FALSE, 0, 0, 0, 2, 3, 0, 1),
(1, 3, NULL, 0, 0, 7.2292, FALSE, TRUE, 0, 0, 2, 2, -1, 0, 1),
(1, 3, NULL, 0, 0, 7.7500, FALSE, TRUE, 0, 1, 2, 2, -1, 1, 1),
(1, 1, 24.00, 0, 0, 69.3000, FALSE, TRUE, 0, 0, 0, 2, 1, 0, 1),
(1, 1, 25.00, 1, 0, 55.4417, TRUE, FALSE, 1, 0, 0, 1, 4, 0, 1),
(0, 3, 18.00, 1, 0, 6.4958, TRUE, FALSE, 1, 2, 2, 1, -1, 2, 0),
(0, 3, 19.00, 0, 0, 8.0500, TRUE, TRUE, 1, 2, 2, 1, -1, 2, 0),
(0, 1, 22.00, 0, 0, 135.6333, TRUE, TRUE, 1, 0, 0, 1, -1, 0, 0),
(0, 3, 3.00, 3, 1, 21.0750, FALSE, FALSE, 0, 2, 2, 0, -1, 2, 0),
(1, 1, NULL, 1, 0, 82.1708, FALSE, FALSE, 0, 0, 0, 2, -1, 0, 1),
(1, 3, 22.00, 0, 0, 7.2500, FALSE, TRUE, 0, 2, 2, 2, -1, 2, 1),
(0, 1, 27.00, 0, 2, 211.5000, TRUE, FALSE, 1, 0, 0, 1, 2, 0, 0),
(0, 3, 20.00, 0, 0, 4.0125, TRUE, TRUE, 1, 0, 2, 1, -1, 0, 0),
(0, 3, 19.00, 0, 0, 7.7750, TRUE, TRUE, 1, 2, 2, 1, -1, 2, 0),
(1, 1, 42.00, 0, 0, 227.5250, FALSE, TRUE, 0, 0, 0, 2, -1, 0, 1),
(1, 3, 1.00, 0, 2, 15.7417, FALSE, FALSE, 0, 0, 2, 0, -1, 0, 1),
(0, 3, 32.00, 0, 0, 7.9250, TRUE, TRUE, 1, 2, 2, 1, -1, 2, 0),
(1, 1, 35.00, 1, 0, 52.0000, FALSE, FALSE, 0, 2, 0, 2, -1, 2, 1),
(0, 3, NULL, 0, 0, 7.8958, TRUE, TRUE, 1, 2, 2, 1, -1, 2, 0),
(0, 2, 18.00, 0, 0, 73.5000, TRUE, TRUE, 1, 2, 1, 1, -1, 2, 0),
(0, 3, 1.00, 5, 2, 46.9000, FALSE, FALSE, 1, 2, 2, 0, -1, 2, 0),
(1, 2, 36.00, 0, 0, 13.0000, FALSE, TRUE, 0, 2, 1, 2, -1, 2, 1),
(0, 3, NULL, 0, 0, 7.7292, TRUE, TRUE, 1, 1, 2, 1, -1, 1, 0),
(1, 2, 17.00, 0, 0, 12.0000, FALSE, TRUE, 0, 0, 1, 2, -1, 0, 1),
(1, 1, 36.00, 1, 2, 120.0000, TRUE, FALSE, 1, 2, 0, 1, 1, 2, 1),
(1, 3, 21.00, 0, 0, 7.7958, TRUE, TRUE, 1, 2, 2, 1, -1, 2, 1),
(0, 3, 28.00, 2, 0, 7.9250, TRUE, FALSE, 1, 2, 2, 1, -1, 2, 0),
(1, 1, 23.00, 1, 0, 113.2750, FALSE, FALSE, 0, 0, 0, 2, 3, 0, 1),
(1, 3, 24.00, 0, 2, 16.7000, FALSE, FALSE, 0, 2, 2, 2, 6, 2, 1),
(0, 3, 22.00, 0, 0, 7.7958, TRUE, TRUE, 1, 2, 2, 1, -1, 2, 0),
(0, 3, 31.00, 0, 0, 7.8542, FALSE, TRUE, 0, 2, 2, 2, -1, 2, 0),
(0, 2, 46.00, 0, 0, 26.0000, TRUE, TRUE, 1, 2, 1, 1, -1, 2, 0),
(0, 2, 23.00, 0, 0, 10.5000, TRUE, TRUE, 1, 2, 1, 1, -1, 2, 0),
(1, 2, 28.00, 0, 0, 12.6500, FALSE, TRUE, 0, 2, 1, 2, -1, 2, 1);

INSERT INTO Observation (survived, pclass, age, sibsp, parch, fare, adult_male, alone, sex_id, embarked_id, class_id, who_id, deck_id, embark_town_id, alive_id) VALUES
(1, 3, 39.00, 0, 0, 7.9250, TRUE, TRUE, 1, 2, 2, 1, -1, 2, 1),
(0, 3, 26.00, 0, 0, 8.0500, TRUE, TRUE, 1, 2, 2, 1, -1, 2, 0),
(0, 3, 21.00, 1, 0, 9.8250, FALSE, FALSE, 0, 2, 2, 2, -1, 2, 0),
(0, 3, 28.00, 1, 0, 15.8500, TRUE, FALSE, 1, 2, 2, 1, -1, 2, 0),
(0, 3, 20.00, 0, 0, 8.6625, FALSE, TRUE, 0, 2, 2, 2, -1, 2, 0),
(0, 2, 34.00, 1, 0, 21.0000, TRUE, FALSE, 1, 2, 1, 1, -1, 2, 0),
(0, 3, 51.00, 0, 0, 7.7500, TRUE, TRUE, 1, 2, 2, 1, -1, 2, 0),
(1, 2, 3.00, 1, 1, 18.7500, FALSE, FALSE, 1, 2, 1, 0, -1, 2, 1),
(0, 3, 21.00, 0, 0, 7.7750, TRUE, TRUE, 1, 2, 2, 1, -1, 2, 0),
(0, 3, NULL, 3, 1, 25.4667, FALSE, FALSE, 0, 2, 2, 2, -1, 2, 0),
(0, 3, NULL, 0, 0, 7.8958, TRUE, TRUE, 1, 2, 2, 1, -1, 2, 0),
(0, 3, NULL, 0, 0, 6.8583, TRUE, TRUE, 1, 1, 2, 1, -1, 1, 0),
(1, 1, 33.00, 1, 0, 90.0000, FALSE, FALSE, 0, 1, 0, 2, 2, 1, 1),
(0, 2, NULL, 0, 0, 0.0000, TRUE, TRUE, 1, 2, 1, 1, -1, 2, 0),
(1, 3, 44.00, 0, 0, 7.9250, TRUE, TRUE, 1, 2, 2, 1, -1, 2, 1),
(0, 3, NULL, 0, 0, 8.0500, FALSE, TRUE, 0, 2, 2, 2, -1, 2, 0),
(1, 2, 34.00, 1, 1, 32.5000, FALSE, FALSE, 0, 2, 1, 2, -1, 2, 1),
(1, 2, 18.00, 0, 2, 13.0000, FALSE, FALSE, 0, 2, 1, 2, -1, 2, 1),
(0, 2, 30.00, 0, 0, 13.0000, TRUE, TRUE, 1, 2, 1, 1, -1, 2, 0),
(0, 3, 10.00, 0, 2, 24.1500, FALSE, FALSE, 0, 2, 2, 0, -1, 2, 0),
(0, 3, NULL, 0, 0, 7.8958, TRUE, TRUE, 1, 0, 2, 1, -1, 0, 0),
(0, 3, 21.00, 0, 0, 7.7333, TRUE, TRUE, 1, 1, 2, 1, -1, 1, 0),
(0, 3, 29.00, 0, 0, 7.8750, TRUE, TRUE, 1, 2, 2, 1, -1, 2, 0),
(0, 3, 28.00, 1, 1, 14.4000, FALSE, FALSE, 0, 2, 2, 2, -1, 2, 0),
(0, 3, 18.00, 1, 1, 20.2125, TRUE, FALSE, 1, 2, 2, 1, -1, 2, 0),
(0, 3, NULL, 0, 0, 7.2500, TRUE, TRUE, 1, 2, 2, 1, -1, 2, 0),
(1, 2, 28.00, 1, 0, 26.0000, FALSE, FALSE, 0, 2, 1, 2, -1, 2, 1),
(1, 2, 19.00, 0, 0, 26.0000, FALSE, TRUE, 0, 2, 1, 2, -1, 2, 1),
(0, 3, NULL, 0, 0, 7.7500, TRUE, TRUE, 1, 1, 2, 1, -1, 1, 0),
(1, 3, 32.00, 0, 0, 8.0500, TRUE, TRUE, 1, 2, 2, 1, 4, 2, 1),
(1, 1, 28.00, 0, 0, 26.5500, TRUE, TRUE, 1, 2, 0, 1, 2, 2, 1),
(1, 3, NULL, 1, 0, 16.1000, FALSE, FALSE, 0, 2, 2, 2, -1, 2, 1),
(1, 2, 42.00, 1, 0, 26.0000, FALSE, FALSE, 0, 2, 1, 2, -1, 2, 1),
(0, 3, 17.00, 0, 0, 7.1250, TRUE, TRUE, 1, 2, 2, 1, -1, 2, 0),
(0, 1, 50.00, 1, 0, 55.9000, TRUE, FALSE, 1, 2, 0, 1, 4, 2, 0),
(1, 1, 14.00, 1, 2, 120.0000, FALSE, FALSE, 0, 2, 0, 0, 1, 2, 1),
(0, 3, 21.00, 2, 2, 34.3750, FALSE, FALSE, 0, 2, 2, 2, -1, 2, 0),
(1, 2, 24.00, 2, 3, 18.7500, FALSE, FALSE, 0, 2, 1, 2, -1, 2, 1),
(0, 1, 64.00, 1, 4, 263.0000, TRUE, FALSE, 1, 2, 0, 1, 2, 2, 0),
(0, 2, 31.00, 0, 0, 10.5000, TRUE, TRUE, 1, 2, 1, 1, -1, 2, 0),
(1, 2, 45.00, 1, 1, 26.2500, FALSE, FALSE, 0, 2, 1, 2, -1, 2, 1),
(0, 3, 20.00, 0, 0, 9.5000, TRUE, TRUE, 1, 2, 2, 1, -1, 2, 0),
(0, 3, 25.00, 1, 0, 7.7750, TRUE, FALSE, 1, 2, 2, 1, -1, 2, 0),
(1, 2, 28.00, 0, 0, 13.0000, FALSE, TRUE, 0, 2, 1, 2, -1, 2, 1),
(1, 3, NULL, 0, 0, 8.1125, TRUE, TRUE, 1, 2, 2, 1, -1, 2, 1),
(1, 1, 4.00, 0, 2, 81.8583, FALSE, FALSE, 1, 2, 0, 0, 0, 2, 1),
(1, 2, 13.00, 0, 1, 19.5000, FALSE, FALSE, 0, 2, 1, 0, -1, 2, 1),
(1, 1, 34.00, 0, 0, 26.5500, TRUE, TRUE, 1, 2, 0, 1, -1, 2, 1),
(1, 3, 5.00, 2, 1, 19.2583, FALSE, FALSE, 0, 0, 2, 0, -1, 0, 1),
(1, 1, 52.00, 0, 0, 30.5000, TRUE, TRUE, 1, 2, 0, 1, 2, 2, 1);

INSERT INTO Observation (survived, pclass, age, sibsp, parch, fare, adult_male, alone, sex_id, embarked_id, class_id, who_id, deck_id, embark_town_id, alive_id) VALUES
(0, 2, 36.00, 1, 2, 27.7500, TRUE, FALSE, 1, 2, 1, 1, -1, 2, 0),
(0, 3, NULL, 1, 0, 19.9667, TRUE, FALSE, 1, 2, 2, 1, -1, 2, 0),
(0, 1, 30.00, 0, 0, 27.7500, TRUE, TRUE, 1, 0, 0, 1, 2, 0, 0),
(1, 1, 49.00, 1, 0, 89.1042, TRUE, FALSE, 1, 0, 0, 1, 2, 0, 1),
(0, 3, NULL, 0, 0, 8.0500, TRUE, TRUE, 1, 2, 2, 1, -1, 2, 0),
(1, 3, 29.00, 0, 0, 7.8958, TRUE, TRUE, 1, 0, 2, 1, -1, 0, 1),
(0, 1, 65.00, 0, 0, 26.5500, TRUE, TRUE, 1, 2, 0, 1, 4, 2, 0),
(1, 1, NULL, 1, 0, 51.8625, FALSE, FALSE, 0, 2, 0, 2, 3, 2, 1),
(1, 2, 50.00, 0, 0, 10.5000, FALSE, TRUE, 0, 2, 1, 2, -1, 2, 1),
(0, 3, NULL, 0, 0, 7.7500, TRUE, TRUE, 1, 1, 2, 1, -1, 1, 0),
(1, 1, 48.00, 0, 0, 26.5500, TRUE, TRUE, 1, 2, 0, 1, 4, 2, 1),
(0, 3, 34.00, 0, 0, 8.0500, TRUE, TRUE, 1, 2, 2, 1, -1, 2, 0),
(0, 1, 47.00, 0, 0, 38.5000, TRUE, TRUE, 1, 2, 0, 1, 4, 2, 0),
(0, 2, 48.00, 0, 0, 13.0000, TRUE, TRUE, 1, 2, 1, 1, -1, 2, 0),
(0, 3, NULL, 0, 0, 8.0500, TRUE, TRUE, 1, 2, 2, 1, -1, 2, 0),
(0, 3, 38.00, 0, 0, 7.0500, TRUE, TRUE, 1, 2, 2, 1, -1, 2, 0),
(0, 2, NULL, 0, 0, 0.0000, TRUE, TRUE, 1, 2, 1, 1, -1, 2, 0),
(0, 1, 56.00, 0, 0, 26.5500, TRUE, TRUE, 1, 2, 0, 1, -1, 2, 0),
(0, 3, NULL, 0, 0, 7.7250, TRUE, TRUE, 1, 1, 2, 1, -1, 1, 0),
(1, 3, 0.75, 2, 1, 19.2583, FALSE, FALSE, 0, 0, 2, 0, -1, 0, 1),
(0, 3, NULL, 0, 0, 7.2500, TRUE, TRUE, 1, 2, 2, 1, -1, 2, 0),
(0, 3, 38.00, 0, 0, 8.6625, TRUE, TRUE, 1, 2, 2, 1, -1, 2, 0),
(1, 2, 33.00, 1, 2, 27.7500, FALSE, FALSE, 0, 2, 1, 2, -1, 2, 1),
(1, 2, 23.00, 0, 0, 13.7917, FALSE, TRUE, 0, 0, 1, 2, 3, 0, 1),
(0, 3, 22.00, 0, 0, 9.8375, FALSE, TRUE, 0, 2, 2, 2, -1, 2, 0),
(0, 1, NULL, 0, 0, 52.0000, TRUE, TRUE, 1, 2, 0, 1, 0, 2, 0),
(0, 2, 34.00, 1, 0, 21.0000, TRUE, FALSE, 1, 2, 1, 1, -1, 2, 0),
(0, 3, 29.00, 1, 0, 7.0458, TRUE, FALSE, 1, 2, 2, 1, -1, 2, 0),
(0, 3, 22.00, 0, 0, 7.5208, TRUE, TRUE, 1, 2, 2, 1, -1, 2, 0),
(1, 3, 2.00, 0, 1, 12.2875, FALSE, FALSE, 0, 2, 2, 0, -1, 2, 1),
(0, 3, 9.00, 5, 2, 46.9000, FALSE, FALSE, 1, 2, 2, 0, -1, 2, 0),
(0, 2, NULL, 0, 0, 0.0000, TRUE, TRUE, 1, 2, 1, 1, -1, 2, 0),
(0, 3, 50.00, 0, 0, 8.0500, TRUE, TRUE, 1, 2, 2, 1, -1, 2, 0),
(1, 3, 63.00, 0, 0, 9.5875, FALSE, TRUE, 0, 2, 2, 2, -1, 2, 1),
(1, 1, 25.00, 1, 0, 91.0792, TRUE, FALSE, 1, 0, 0, 1, 1, 0, 1),
(0, 3, NULL, 3, 1, 25.4667, FALSE, FALSE, 0, 2, 2, 2, -1, 2, 0),
(1, 1, 35.00, 1, 0, 90.0000, FALSE, FALSE, 0, 2, 0, 2, 2, 2, 1),
(0, 1, 58.00, 0, 0, 29.7000, TRUE, TRUE, 1, 0, 0, 1, 1, 0, 0),
(0, 3, 30.00, 0, 0, 8.0500, TRUE, TRUE, 1, 2, 2, 1, -1, 2, 0),
(1, 3, 9.00, 1, 1, 15.9000, FALSE, FALSE, 1, 2, 2, 0, -1, 2, 1),
(0, 3, NULL, 1, 0, 19.9667, TRUE, FALSE, 1, 2, 2, 1, -1, 2, 0),
(0, 3, 21.00, 0, 0, 7.2500, TRUE, TRUE, 1, 2, 2, 1, -1, 2, 0),
(0, 1, 55.00, 0, 0, 30.5000, TRUE, TRUE, 1, 2, 0, 1, 2, 2, 0),
(0, 1, 71.00, 0, 0, 49.5042, TRUE, TRUE, 1, 0, 0, 1, -1, 0, 0),
(0, 3, 21.00, 0, 0, 8.0500, TRUE, TRUE, 1, 2, 2, 1, -1, 2, 0),
(0, 3, NULL, 0, 0, 14.4583, TRUE, TRUE, 1, 0, 2, 1, -1, 0, 0),
(1, 1, 54.00, 1, 0, 78.2667, FALSE, FALSE, 0, 0, 0, 2, 3, 0, 1),
(0, 3, NULL, 0, 0, 15.1000, TRUE, TRUE, 1, 2, 2, 1, -1, 2, 0),
(0, 1, 25.00, 1, 2, 151.5500, FALSE, FALSE, 0, 2, 0, 2, 2, 2, 0),
(0, 3, 24.00, 0, 0, 7.7958, TRUE, TRUE, 1, 2, 2, 1, -1, 2, 0);

INSERT INTO Observation (survived, pclass, age, sibsp, parch, fare, adult_male, alone, sex_id, embarked_id, class_id, who_id, deck_id, embark_town_id, alive_id) VALUES
(0, 3, 17.00, 0, 0, 8.6625, TRUE, TRUE, 1, 2, 2, 1, -1, 2, 0),
(0, 3, 21.00, 0, 0, 7.7500, FALSE, TRUE, 0, 1, 2, 2, -1, 1, 0),
(0, 3, NULL, 0, 0, 7.6292, FALSE, TRUE, 0, 1, 2, 2, -1, 1, 0),
(0, 3, 37.00, 0, 0, 9.5875, FALSE, TRUE, 0, 2, 2, 2, -1, 2, 0),
(1, 1, 16.00, 0, 0, 86.5000, FALSE, TRUE, 0, 2, 0, 2, 1, 2, 1),
(0, 1, 18.00, 1, 0, 108.9000, TRUE, FALSE, 1, 0, 0, 1, 2, 0, 0),
(1, 2, 33.00, 0, 2, 26.0000, FALSE, FALSE, 0, 2, 1, 2, -1, 2, 1),
(1, 1, NULL, 0, 0, 26.5500, TRUE, TRUE, 1, 2, 0, 1, -1, 2, 1),
(0, 3, 28.00, 0, 0, 22.5250, TRUE, TRUE, 1, 2, 2, 1, -1, 2, 0),
(1, 3, 26.00, 0, 0, 56.4958, TRUE, TRUE, 1, 2, 2, 1, -1, 2, 1),
(1, 3, 29.00, 0, 0, 7.7500, TRUE, TRUE, 1, 1, 2, 1, -1, 1, 1),
(0, 3, NULL, 0, 0, 8.0500, TRUE, TRUE, 1, 2, 2, 1, -1, 2, 0),
(1, 1, 36.00, 0, 0, 26.2875, TRUE, TRUE, 1, 2, 0, 1, 4, 2, 1),
(1, 1, 54.00, 1, 0, 59.4000, FALSE, FALSE, 0, 0, 0, 2, -1, 0, 1),
(0, 3, 24.00, 0, 0, 7.4958, TRUE, TRUE, 1, 2, 2, 1, -1, 2, 0),
(0, 1, 47.00, 0, 0, 34.0208, TRUE, TRUE, 1, 2, 0, 1, 3, 2, 0),
(1, 2, 34.00, 0, 0, 10.5000, FALSE, TRUE, 0, 2, 1, 2, 5, 2, 1),
(0, 3, NULL, 0, 0, 24.1500, TRUE, TRUE, 1, 1, 2, 1, -1, 1, 0),
(1, 2, 36.00, 1, 0, 26.0000, FALSE, FALSE, 0, 2, 1, 2, -1, 2, 1),
(0, 3, 32.00, 0, 0, 7.8958, TRUE, TRUE, 1, 2, 2, 1, -1, 2, 0),
(1, 1, 30.00, 0, 0, 93.5000, FALSE, TRUE, 0, 2, 0, 2, 1, 2, 1),
(0, 3, 22.00, 0, 0, 7.8958, TRUE, TRUE, 1, 2, 2, 1, -1, 2, 0),
(0, 3, NULL, 0, 0, 7.2250, TRUE, TRUE, 1, 0, 2, 1, -1, 0, 0),
(1, 1, 44.00, 0, 1, 57.9792, FALSE, FALSE, 0, 0, 0, 2, 1, 0, 1),
(0, 3, NULL, 0, 0, 7.2292, TRUE, TRUE, 1, 0, 2, 1, -1, 0, 0),
(0, 3, 40.50, 0, 0, 7.7500, TRUE, TRUE, 1, 1, 2, 1, -1, 1, 0),
(1, 2, 50.00, 0, 0, 10.5000, FALSE, TRUE, 0, 2, 1, 2, -1, 2, 1),
(0, 1, NULL, 0, 0, 221.7792, TRUE, TRUE, 1, 2, 0, 1, 2, 2, 0),
(0, 3, 39.00, 0, 0, 7.9250, TRUE, TRUE, 1, 2, 2, 1, -1, 2, 0),
(0, 2, 23.00, 2, 1, 11.5000, TRUE, FALSE, 1, 2, 1, 1, -1, 2, 0),
(1, 2, 2.00, 1, 1, 26.0000, FALSE, FALSE, 0, 2, 1, 0, -1, 2, 1),
(0, 3, NULL, 0, 0, 7.2292, TRUE, TRUE, 1, 0, 2, 1, -1, 0, 0),
(0, 3, 17.00, 1, 1, 7.2292, TRUE, FALSE, 1, 0, 2, 1, -1, 0, 0),
(1, 3, NULL, 0, 2, 22.3583, FALSE, FALSE, 0, 0, 2, 2, -1, 0, 1),
(0, 3, 30.00, 0, 0, 8.6625, FALSE, TRUE, 0, 2, 2, 2, -1, 2, 0),
(1, 2, 7.00, 0, 2, 26.2500, FALSE, FALSE, 0, 2, 1, 0, -1, 2, 1),
(0, 1, 45.00, 0, 0, 26.5500, TRUE, TRUE, 1, 2, 0, 1, 1, 2, 0),
(1, 1, 30.00, 0, 0, 106.4250, FALSE, TRUE, 0, 0, 0, 2, -1, 0, 1),
(0, 3, NULL, 0, 0, 14.5000, TRUE, TRUE, 1, 2, 2, 1, -1, 2, 0),
(1, 1, 22.00, 0, 2, 49.5000, FALSE, FALSE, 0, 0, 0, 2, 1, 0, 1),
(1, 1, 36.00, 0, 2, 71.0000, FALSE, FALSE, 0, 2, 0, 2, 1, 2, 1),
(0, 3, 9.00, 4, 2, 31.2750, FALSE, FALSE, 0, 2, 2, 0, -1, 2, 0),
(0, 3, 11.00, 4, 2, 31.2750, FALSE, FALSE, 0, 2, 2, 0, -1, 2, 0),
(1, 2, 32.00, 1, 0, 26.0000, TRUE, FALSE, 1, 2, 1, 1, -1, 2, 1),
(0, 1, 50.00, 1, 0, 106.4250, TRUE, FALSE, 1, 0, 0, 1, 2, 0, 0),
(0, 1, 64.00, 0, 0, 26.0000, TRUE, TRUE, 1, 2, 0, 1, -1, 2, 0),
(1, 2, 19.00, 1, 0, 26.0000, FALSE, FALSE, 0, 2, 1, 2, -1, 2, 1),
(1, 2, NULL, 0, 0, 13.8625, TRUE, TRUE, 1, 0, 1, 1, -1, 0, 1),
(0, 3, 33.00, 1, 1, 20.5250, TRUE, FALSE, 1, 2, 2, 1, -1, 2, 0),
(1, 2, 8.00, 1, 1, 36.7500, FALSE, FALSE, 1, 2, 1, 0, -1, 2, 1);

INSERT INTO Observation (survived, pclass, age, sibsp, parch, fare, adult_male, alone, sex_id, embarked_id, class_id, who_id, deck_id, embark_town_id, alive_id) VALUES
(1, 1, 17.00, 0, 2, 110.8833, TRUE, FALSE, 1, 0, 0, 1, 2, 0, 1),
(0, 2, 27.00, 0, 0, 26.0000, TRUE, TRUE, 1, 2, 1, 1, -1, 2, 0),
(0, 3, NULL, 0, 0, 7.8292, TRUE, TRUE, 1, 1, 2, 1, -1, 1, 0),
(1, 3, 22.00, 0, 0, 7.2250, TRUE, TRUE, 1, 0, 2, 1, -1, 0, 1),
(1, 3, 22.00, 0, 0, 7.7750, FALSE, TRUE, 0, 2, 2, 2, -1, 2, 1),
(0, 1, 62.00, 0, 0, 26.5500, TRUE, TRUE, 1, 2, 0, 1, -1, 2, 0),
(1, 1, 48.00, 1, 0, 39.6000, FALSE, FALSE, 0, 0, 0, 2, 0, 0, 1),
(0, 1, NULL, 0, 0, 227.5250, TRUE, TRUE, 1, 0, 0, 1, -1, 0, 0),
(1, 1, 39.00, 1, 1, 79.6500, FALSE, FALSE, 0, 2, 0, 2, 4, 2, 1),
(1, 3, 36.00, 1, 0, 17.4000, FALSE, FALSE, 0, 2, 2, 2, -1, 2, 1),
(0, 3, NULL, 0, 0, 7.7500, TRUE, TRUE, 1, 1, 2, 1, -1, 1, 0),
(0, 3, 40.00, 0, 0, 7.8958, TRUE, TRUE, 1, 2, 2, 1, -1, 2, 0),
(0, 2, 28.00, 0, 0, 13.5000, TRUE, TRUE, 1, 2, 1, 1, -1, 2, 0),
(0, 3, NULL, 0, 0, 8.0500, TRUE, TRUE, 1, 2, 2, 1, -1, 2, 0),
(0, 3, NULL, 0, 0, 8.0500, FALSE, TRUE, 0, 2, 2, 2, -1, 2, 0),
(0, 3, 24.00, 2, 0, 24.1500, TRUE, FALSE, 1, 2, 2, 1, -1, 2, 0),
(0, 3, 19.00, 0, 0, 7.8958, TRUE, TRUE, 1, 2, 2, 1, -1, 2, 0),
(0, 3, 29.00, 0, 4, 21.0750, FALSE, FALSE, 0, 2, 2, 2, -1, 2, 0),
(0, 3, NULL, 0, 0, 7.2292, TRUE, TRUE, 1, 0, 2, 1, -1, 0, 0),
(1, 3, 32.00, 0, 0, 7.8542, TRUE, TRUE, 1, 2, 2, 1, -1, 2, 1),
(1, 2, 62.00, 0, 0, 10.5000, TRUE, TRUE, 1, 2, 1, 1, -1, 2, 1),
(1, 1, 53.00, 2, 0, 51.4792, FALSE, FALSE, 0, 2, 0, 2, 2, 2, 1),
(1, 1, 36.00, 0, 0, 26.3875, TRUE, TRUE, 1, 2, 0, 1, 4, 2, 1),
(1, 3, NULL, 0, 0, 7.7500, FALSE, TRUE, 0, 1, 2, 2, -1, 1, 1),
(0, 3, 16.00, 0, 0, 8.0500, TRUE, TRUE, 1, 2, 2, 1, -1, 2, 0),
(0, 3, 19.00, 0, 0, 14.5000, TRUE, TRUE, 1, 2, 2, 1, -1, 2, 0),
(1, 2, 34.00, 0, 0, 13.0000, FALSE, TRUE, 0, 2, 1, 2, -1, 2, 1),
(1, 1, 39.00, 1, 0, 55.9000, FALSE, FALSE, 0, 2, 0, 2, 4, 2, 1),
(0, 3, NULL, 1, 0, 14.4583, FALSE, FALSE, 0, 0, 2, 2, -1, 0, 0),
(1, 3, 32.00, 0, 0, 7.9250, TRUE, TRUE, 1, 2, 2, 1, -1, 2, 1),
(1, 2, 25.00, 1, 1, 30.0000, FALSE, FALSE, 0, 2, 1, 2, -1, 2, 1),
(1, 1, 39.00, 1, 1, 110.8833, FALSE, FALSE, 0, 0, 0, 2, 2, 0, 1),
(0, 2, 54.00, 0, 0, 26.0000, TRUE, TRUE, 1, 2, 1, 1, -1, 2, 0),
(0, 1, 36.00, 0, 0, 40.1250, TRUE, TRUE, 1, 0, 0, 1, 0, 0, 0),
(0, 3, NULL, 0, 0, 8.7125, TRUE, TRUE, 1, 0, 2, 1, -1, 0, 0),
(1, 1, 18.00, 0, 2, 79.6500, FALSE, FALSE, 0, 2, 0, 2, 4, 2, 1),
(0, 2, 47.00, 0, 0, 15.0000, TRUE, TRUE, 1, 2, 1, 1, -1, 2, 0),
(1, 1, 60.00, 1, 1, 79.2000, TRUE, FALSE, 1, 0, 0, 1, 1, 0, 1),
(0, 3, 22.00, 0, 0, 8.0500, TRUE, TRUE, 1, 2, 2, 1, -1, 2, 0),
(0, 3, NULL, 0, 0, 8.0500, TRUE, TRUE, 1, 2, 2, 1, -1, 2, 0),
(0, 3, 35.00, 0, 0, 7.1250, TRUE, TRUE, 1, 2, 2, 1, -1, 2, 0),
(1, 1, 52.00, 1, 0, 78.2667, FALSE, FALSE, 0, 0, 0, 2, 3, 0, 1),
(0, 3, 47.00, 0, 0, 7.2500, TRUE, TRUE, 1, 2, 2, 1, -1, 2, 0),
(0, 3, NULL, 0, 2, 7.7500, FALSE, FALSE, 0, 1, 2, 2, -1, 1, 0),
(0, 2, 37.00, 1, 0, 26.0000, TRUE, FALSE, 1, 2, 1, 1, -1, 2, 0),
(0, 3, 36.00, 1, 1, 24.1500, TRUE, FALSE, 1, 2, 2, 1, -1, 2, 0),
(1, 2, NULL, 0, 0, 33.0000, FALSE, TRUE, 0, 2, 1, 2, -1, 2, 1),
(0, 3, 49.00, 0, 0, 0.0000, TRUE, TRUE, 1, 2, 2, 1, -1, 2, 0),
(0, 3, NULL, 0, 0, 7.2250, TRUE, TRUE, 1, 0, 2, 1, -1, 0, 0),
(1, 1, 49.00, 1, 0, 56.9292, TRUE, FALSE, 1, 0, 0, 1, 0, 0, 1);

INSERT INTO Observation (survived, pclass, age, sibsp, parch, fare, adult_male, alone, sex_id, embarked_id, class_id, who_id, deck_id, embark_town_id, alive_id) VALUES
(1, 2, 24.00, 2, 1, 27.0000, FALSE, FALSE, 0, 2, 1, 2, -1, 2, 1),
(0, 3, NULL, 0, 0, 7.8958, TRUE, TRUE, 1, 2, 2, 1, -1, 2, 0),
(0, 1, NULL, 0, 0, 42.4000, TRUE, TRUE, 1, 2, 0, 1, -1, 2, 0),
(0, 3, 44.00, 0, 0, 8.0500, TRUE, TRUE, 1, 2, 2, 1, -1, 2, 0),
(1, 1, 35.00, 0, 0, 26.5500, TRUE, TRUE, 1, 0, 0, 1, -1, 0, 1),
(0, 3, 36.00, 1, 0, 15.5500, TRUE, FALSE, 1, 2, 2, 1, -1, 2, 0),
(0, 3, 30.00, 0, 0, 7.8958, TRUE, TRUE, 1, 2, 2, 1, -1, 2, 0),
(1, 1, 27.00, 0, 0, 30.5000, TRUE, TRUE, 1, 2, 0, 1, -1, 2, 1),
(1, 2, 22.00, 1, 2, 41.5792, FALSE, FALSE, 0, 0, 1, 2, -1, 0, 1),
(1, 1, 40.00, 0, 0, 153.4625, FALSE, TRUE, 0, 2, 0, 2, 2, 2, 1),
(0, 3, 39.00, 1, 5, 31.2750, FALSE, FALSE, 0, 2, 2, 2, -1, 2, 0),
(0, 3, NULL, 0, 0, 7.0500, TRUE, TRUE, 1, 2, 2, 1, -1, 2, 0),
(1, 3, NULL, 1, 0, 15.5000, FALSE, FALSE, 0, 1, 2, 2, -1, 1, 1),
(0, 3, NULL, 0, 0, 7.7500, TRUE, TRUE, 1, 1, 2, 1, -1, 1, 0),
(0, 3, 35.00, 0, 0, 8.0500, TRUE, TRUE, 1, 2, 2, 1, -1, 2, 0),
(1, 2, 24.00, 1, 2, 65.0000, FALSE, FALSE, 0, 2, 1, 2, -1, 2, 1),
(0, 3, 34.00, 1, 1, 14.4000, TRUE, FALSE, 1, 2, 2, 1, -1, 2, 0),
(0, 3, 26.00, 1, 0, 16.1000, FALSE, FALSE, 0, 2, 2, 2, -1, 2, 0),
(1, 2, 4.00, 2, 1, 39.0000, FALSE, FALSE, 0, 2, 1, 0, 5, 2, 1),
(0, 2, 26.00, 0, 0, 10.5000, TRUE, TRUE, 1, 2, 1, 1, -1, 2, 0),
(0, 3, 27.00, 1, 0, 14.4542, TRUE, FALSE, 1, 0, 2, 1, -1, 0, 0),
(1, 1, 42.00, 1, 0, 52.5542, TRUE, FALSE, 1, 2, 0, 1, 3, 2, 1),
(1, 3, 20.00, 1, 1, 15.7417, TRUE, FALSE, 1, 0, 2, 1, -1, 0, 1),
(0, 3, 21.00, 0, 0, 7.8542, TRUE, TRUE, 1, 2, 2, 1, -1, 2, 0),
(0, 3, 21.00, 0, 0, 16.1000, TRUE, TRUE, 1, 2, 2, 1, -1, 2, 0),
(0, 1, 61.00, 0, 0, 32.3208, TRUE, TRUE, 1, 2, 0, 1, 3, 2, 0),
(0, 2, 57.00, 0, 0, 12.3500, TRUE, TRUE, 1, 1, 1, 1, -1, 1, 0),
(1, 1, 21.00, 0, 0, 77.9583, FALSE, TRUE, 0, 2, 0, 2, 3, 2, 1),
(0, 3, 26.00, 0, 0, 7.8958, TRUE, TRUE, 1, 2, 2, 1, -1, 2, 0),
(0, 3, NULL, 0, 0, 7.7333, TRUE, TRUE, 1, 1, 2, 1, -1, 1, 0),
(1, 1, 80.00, 0, 0, 30.0000, TRUE, TRUE, 1, 2, 0, 1, 0, 2, 1),
(0, 3, 51.00, 0, 0, 7.0542, TRUE, TRUE, 1, 2, 2, 1, -1, 2, 0),
(1, 1, 32.00, 0, 0, 30.5000, TRUE, TRUE, 1, 0, 0, 1, 1, 0, 1),
(0, 1, NULL, 0, 0, 0.0000, TRUE, TRUE, 1, 2, 0, 1, -1, 2, 0),
(0, 3, 9.00, 3, 2, 27.9000, FALSE, FALSE, 0, 2, 2, 0, -1, 2, 0),
(1, 2, 28.00, 0, 0, 13.0000, FALSE, TRUE, 0, 2, 1, 2, -1, 2, 1),
(0, 3, 32.00, 0, 0, 7.9250, TRUE, TRUE, 1, 2, 2, 1, -1, 2, 0),
(0, 2, 31.00, 1, 1, 26.2500, TRUE, FALSE, 1, 2, 1, 1, -1, 2, 0),
(0, 3, 41.00, 0, 5, 39.6875, FALSE, FALSE, 0, 2, 2, 2, -1, 2, 0),
(0, 3, NULL, 1, 0, 16.1000, TRUE, FALSE, 1, 2, 2, 1, -1, 2, 0),
(0, 3, 20.00, 0, 0, 7.8542, TRUE, TRUE, 1, 2, 2, 1, -1, 2, 0),
(1, 1, 24.00, 0, 0, 69.3000, FALSE, TRUE, 0, 0, 0, 2, 1, 0, 1),
(0, 3, 2.00, 3, 2, 27.9000, FALSE, FALSE, 0, 2, 2, 0, -1, 2, 0),
(1, 3, NULL, 0, 0, 56.4958, TRUE, TRUE, 1, 2, 2, 1, -1, 2, 1),
(1, 3, 0.75, 2, 1, 19.2583, FALSE, FALSE, 0, 0, 2, 0, -1, 0, 1),
(1, 1, 48.00, 1, 0, 76.7292, TRUE, FALSE, 1, 0, 0, 1, 3, 0, 1),
(0, 3, 19.00, 0, 0, 7.8958, TRUE, TRUE, 1, 2, 2, 1, -1, 2, 0),
(1, 1, 56.00, 0, 0, 35.5000, TRUE, TRUE, 1, 0, 0, 1, 0, 0, 1),
(0, 3, NULL, 0, 0, 7.5500, TRUE, TRUE, 1, 2, 2, 1, -1, 2, 0),
(1, 3, 23.00, 0, 0, 7.5500, FALSE, TRUE, 0, 2, 2, 2, -1, 2, 1);

INSERT INTO Observation (survived, pclass, age, sibsp, parch, fare, adult_male, alone, sex_id, embarked_id, class_id, who_id, deck_id, embark_town_id, alive_id) VALUES
(0, 3, NULL, 0, 0, 7.8958, TRUE, TRUE, 1, 2, 2, 1, -1, 2, 0),
(1, 2, 18.00, 0, 1, 23.0000, FALSE, FALSE, 0, 2, 1, 2, -1, 2, 1),
(0, 3, 21.00, 0, 0, 8.4333, TRUE, TRUE, 1, 2, 2, 1, -1, 2, 0),
(1, 3, NULL, 0, 0, 7.8292, FALSE, TRUE, 0, 1, 2, 2, -1, 1, 1),
(0, 3, 18.00, 0, 0, 6.7500, FALSE, TRUE, 0, 1, 2, 2, -1, 1, 0),
(0, 2, 24.00, 2, 0, 73.5000, TRUE, FALSE, 1, 2, 1, 1, -1, 2, 0),
(0, 3, NULL, 0, 0, 7.8958, TRUE, TRUE, 1, 2, 2, 1, -1, 2, 0),
(0, 3, 32.00, 1, 1, 15.5000, FALSE, FALSE, 0, 1, 2, 2, -1, 1, 0),
(0, 2, 23.00, 0, 0, 13.0000, TRUE, TRUE, 1, 2, 1, 1, -1, 2, 0),
(0, 1, 58.00, 0, 2, 113.2750, TRUE, FALSE, 1, 0, 0, 1, 3, 0, 0),
(1, 1, 50.00, 2, 0, 133.6500, TRUE, FALSE, 1, 2, 0, 1, -1, 2, 1),
(0, 3, 40.00, 0, 0, 7.2250, TRUE, TRUE, 1, 0, 2, 1, -1, 0, 0),
(0, 1, 47.00, 0, 0, 25.5875, TRUE, TRUE, 1, 2, 0, 1, 4, 2, 0),
(0, 3, 36.00, 0, 0, 7.4958, TRUE, TRUE, 1, 2, 2, 1, -1, 2, 0),
(1, 3, 20.00, 1, 0, 7.9250, TRUE, FALSE, 1, 2, 2, 1, -1, 2, 1),
(0, 2, 32.00, 2, 0, 73.5000, TRUE, FALSE, 1, 2, 1, 1, -1, 2, 0),
(0, 2, 25.00, 0, 0, 13.0000, TRUE, TRUE, 1, 2, 1, 1, -1, 2, 0),
(0, 3, NULL, 0, 0, 7.7750, TRUE, TRUE, 1, 2, 2, 1, -1, 2, 0),
(0, 3, 43.00, 0, 0, 8.0500, TRUE, TRUE, 1, 2, 2, 1, -1, 2, 0),
(1, 1, NULL, 1, 0, 52.0000, FALSE, FALSE, 0, 2, 0, 2, 2, 2, 1),
(1, 2, 40.00, 1, 1, 39.0000, FALSE, FALSE, 0, 2, 1, 2, -1, 2, 1),
(0, 1, 31.00, 1, 0, 52.0000, TRUE, FALSE, 1, 2, 0, 1, 1, 2, 0),
(0, 2, 70.00, 0, 0, 10.5000, TRUE, TRUE, 1, 2, 1, 1, -1, 2, 0),
(1, 2, 31.00, 0, 0, 13.0000, TRUE, TRUE, 1, 2, 1, 1, -1, 2, 1),
(0, 2, NULL, 0, 0, 0.0000, TRUE, TRUE, 1, 2, 1, 1, -1, 2, 0),
(0, 3, 18.00, 0, 0, 7.7750, TRUE, TRUE, 1, 2, 2, 1, -1, 2, 0),
(0, 3, 24.50, 0, 0, 8.0500, TRUE, TRUE, 1, 2, 2, 1, -1, 2, 0),
(1, 3, 18.00, 0, 0, 9.8417, FALSE, TRUE, 0, 2, 2, 2, -1, 2, 1),
(0, 3, 43.00, 1, 6, 46.9000, FALSE, FALSE, 0, 2, 2, 2, -1, 2, 0),
(1, 1, 36.00, 0, 1, 512.3292, TRUE, FALSE, 1, 0, 0, 1, 1, 0, 1),
(0, 3, NULL, 0, 0, 8.1375, FALSE, TRUE, 0, 1, 2, 2, -1, 1, 0),
(1, 1, 27.00, 0, 0, 76.7292, TRUE, TRUE, 1, 0, 0, 1, 3, 0, 1),
(0, 3, 20.00, 0, 0, 9.2250, TRUE, TRUE, 1, 2, 2, 1, -1, 2, 0),
(0, 3, 14.00, 5, 2, 46.9000, FALSE, FALSE, 1, 2, 2, 0, -1, 2, 0),
(0, 2, 60.00, 1, 1, 39.0000, TRUE, FALSE, 1, 2, 1, 1, -1, 2, 0),
(0, 2, 25.00, 1, 2, 41.5792, TRUE, FALSE, 1, 0, 1, 1, -1, 0, 0),
(0, 3, 14.00, 4, 1, 39.6875, FALSE, FALSE, 1, 2, 2, 0, -1, 2, 0),
(0, 3, 19.00, 0, 0, 10.1708, TRUE, TRUE, 1, 2, 2, 1, -1, 2, 0),
(0, 3, 18.00, 0, 0, 7.7958, TRUE, TRUE, 1, 2, 2, 1, -1, 2, 0),
(1, 1, 15.00, 0, 1, 211.3375, FALSE, FALSE, 0, 2, 0, 0, 1, 2, 1),
(1, 1, 31.00, 1, 0, 57.0000, TRUE, FALSE, 1, 2, 0, 1, 1, 2, 1),
(1, 3, 4.00, 0, 1, 13.4167, FALSE, FALSE, 0, 0, 2, 0, -1, 0, 1),
(1, 3, NULL, 0, 0, 56.4958, TRUE, TRUE, 1, 2, 2, 1, -1, 2, 1),
(0, 3, 25.00, 0, 0, 7.2250, TRUE, TRUE, 1, 0, 2, 1, -1, 0, 0),
(0, 1, 60.00, 0, 0, 26.5500, TRUE, TRUE, 1, 2, 0, 1, -1, 2, 0),
(0, 2, 52.00, 0, 0, 13.5000, TRUE, TRUE, 1, 2, 1, 1, -1, 2, 0),
(0, 3, 44.00, 0, 0, 8.0500, TRUE, TRUE, 1, 2, 2, 1, -1, 2, 0),
(1, 3, NULL, 0, 0, 7.7333, FALSE, TRUE, 0, 1, 2, 2, -1, 1, 1),
(0, 1, 49.00, 1, 1, 110.8833, TRUE, FALSE, 1, 0, 0, 1, 2, 0, 0),
(0, 3, 42.00, 0, 0, 7.6500, TRUE, TRUE, 1, 2, 2, 1, 5, 2, 0);

INSERT INTO Observation (survived, pclass, age, sibsp, parch, fare, adult_male, alone, sex_id, embarked_id, class_id, who_id, deck_id, embark_town_id, alive_id) VALUES
(1, 1, 18.00, 1, 0, 227.5250, FALSE, FALSE, 0, 0, 0, 2, 2, 0, 1),
(1, 1, 35.00, 0, 0, 26.2875, TRUE, TRUE, 1, 2, 0, 1, 4, 2, 1),
(0, 3, 18.00, 0, 1, 14.4542, FALSE, FALSE, 0, 0, 2, 2, -1, 0, 0),
(0, 3, 25.00, 0, 0, 7.7417, TRUE, TRUE, 1, 1, 2, 1, -1, 1, 0),
(0, 3, 26.00, 1, 0, 7.8542, TRUE, FALSE, 1, 2, 2, 1, -1, 2, 0),
(0, 2, 39.00, 0, 0, 26.0000, TRUE, TRUE, 1, 2, 1, 1, -1, 2, 0),
(1, 2, 45.00, 0, 0, 13.5000, FALSE, TRUE, 0, 2, 1, 2, -1, 2, 1),
(1, 1, 42.00, 0, 0, 26.2875, TRUE, TRUE, 1, 2, 0, 1, 4, 2, 1),
(1, 1, 22.00, 0, 0, 151.5500, FALSE, TRUE, 0, 2, 0, 2, -1, 2, 1),
(1, 3, NULL, 1, 1, 15.2458, TRUE, FALSE, 1, 0, 2, 1, -1, 0, 1),
(1, 1, 24.00, 0, 0, 49.5042, FALSE, TRUE, 0, 0, 0, 2, 2, 0, 1),
(0, 1, NULL, 0, 0, 26.5500, TRUE, TRUE, 1, 2, 0, 1, 2, 2, 0),
(1, 1, 48.00, 1, 0, 52.0000, TRUE, FALSE, 1, 2, 0, 1, 2, 2, 1),
(0, 3, 29.00, 0, 0, 9.4833, TRUE, TRUE, 1, 2, 2, 1, -1, 2, 0),
(0, 2, 52.00, 0, 0, 13.0000, TRUE, TRUE, 1, 2, 1, 1, -1, 2, 0),
(0, 3, 19.00, 0, 0, 7.6500, TRUE, TRUE, 1, 2, 2, 1, 5, 2, 0),
(1, 1, 38.00, 0, 0, 227.5250, FALSE, TRUE, 0, 0, 0, 2, 2, 0, 1),
(1, 2, 27.00, 0, 0, 10.5000, FALSE, TRUE, 0, 2, 1, 2, 4, 2, 1),
(0, 3, NULL, 0, 0, 15.5000, TRUE, TRUE, 1, 1, 2, 1, -1, 1, 0),
(0, 3, 33.00, 0, 0, 7.7750, TRUE, TRUE, 1, 2, 2, 1, -1, 2, 0),
(1, 2, 6.00, 0, 1, 33.0000, FALSE, FALSE, 0, 2, 1, 0, -1, 2, 1),
(0, 3, 17.00, 1, 0, 7.0542, TRUE, FALSE, 1, 2, 2, 1, -1, 2, 0),
(0, 2, 34.00, 0, 0, 13.0000, TRUE, TRUE, 1, 2, 1, 1, -1, 2, 0),
(0, 2, 50.00, 0, 0, 13.0000, TRUE, TRUE, 1, 2, 1, 1, -1, 2, 0),
(1, 1, 27.00, 1, 0, 53.1000, TRUE, FALSE, 1, 2, 0, 1, 4, 2, 1),
(0, 3, 20.00, 0, 0, 8.6625, TRUE, TRUE, 1, 2, 2, 1, -1, 2, 0),
(1, 2, 30.00, 3, 0, 21.0000, FALSE, FALSE, 0, 2, 1, 2, -1, 2, 1),
(1, 3, NULL, 0, 0, 7.7375, FALSE, TRUE, 0, 1, 2, 2, -1, 1, 1),
(0, 2, 25.00, 1, 0, 26.0000, TRUE, FALSE, 1, 2, 1, 1, -1, 2, 0),
(0, 3, 25.00, 1, 0, 7.9250, FALSE, FALSE, 0, 2, 2, 2, -1, 2, 0),
(1, 1, 29.00, 0, 0, 211.3375, FALSE, TRUE, 0, 2, 0, 2, 1, 2, 1),
(0, 3, 11.00, 0, 0, 18.7875, FALSE, TRUE, 1, 0, 2, 0, -1, 0, 0),
(0, 2, NULL, 0, 0, 0.0000, TRUE, TRUE, 1, 2, 1, 1, -1, 2, 0),
(0, 2, 23.00, 0, 0, 13.0000, TRUE, TRUE, 1, 2, 1, 1, -1, 2, 0),
(0, 2, 23.00, 0, 0, 13.0000, TRUE, TRUE, 1, 2, 1, 1, -1, 2, 0),
(0, 3, 28.50, 0, 0, 16.1000, TRUE, TRUE, 1, 2, 2, 1, -1, 2, 0),
(0, 3, 48.00, 1, 3, 34.3750, FALSE, FALSE, 0, 2, 2, 2, -1, 2, 0),
(1, 1, 35.00, 0, 0, 512.3292, TRUE, TRUE, 1, 0, 0, 1, 1, 0, 1),
(0, 3, NULL, 0, 0, 7.8958, TRUE, TRUE, 1, 2, 2, 1, -1, 2, 0),
(0, 3, NULL, 0, 0, 7.8958, TRUE, TRUE, 1, 2, 2, 1, -1, 2, 0),
(1, 1, NULL, 0, 0, 30.0000, TRUE, TRUE, 1, 2, 0, 1, 3, 2, 1),
(0, 1, 36.00, 1, 0, 78.8500, TRUE, FALSE, 1, 2, 0, 1, 2, 2, 0),
(1, 1, 21.00, 2, 2, 262.3750, FALSE, FALSE, 0, 0, 0, 2, 1, 0, 1),
(0, 3, 24.00, 1, 0, 16.1000, TRUE, FALSE, 1, 2, 2, 1, -1, 2, 0),
(1, 3, 31.00, 0, 0, 7.9250, TRUE, TRUE, 1, 2, 2, 1, -1, 2, 1),
(0, 1, 70.00, 1, 1, 71.0000, TRUE, FALSE, 1, 2, 0, 1, 1, 2, 0),
(0, 3, 16.00, 1, 1, 20.2500, TRUE, FALSE, 1, 2, 2, 1, -1, 2, 0),
(1, 2, 30.00, 0, 0, 13.0000, FALSE, TRUE, 0, 2, 1, 2, -1, 2, 1),
(0, 1, 19.00, 1, 0, 53.1000, TRUE, FALSE, 1, 2, 0, 1, 3, 2, 0),
(0, 3, 31.00, 0, 0, 7.7500, TRUE, TRUE, 1, 1, 2, 1, -1, 1, 0);

INSERT INTO Observation (survived, pclass, age, sibsp, parch, fare, adult_male, alone, sex_id, embarked_id, class_id, who_id, deck_id, embark_town_id, alive_id) VALUES
(1, 2, 4.00, 1, 1, 23.0000, FALSE, FALSE, 0, 2, 1, 0, -1, 2, 1),
(1, 3, 6.00, 0, 1, 12.4750, FALSE, FALSE, 1, 2, 2, 0, 4, 2, 1),
(0, 3, 33.00, 0, 0, 9.5000, TRUE, TRUE, 1, 2, 2, 1, -1, 2, 0),
(0, 3, 23.00, 0, 0, 7.8958, TRUE, TRUE, 1, 2, 2, 1, -1, 2, 0),
(1, 2, 48.00, 1, 2, 65.0000, FALSE, FALSE, 0, 2, 1, 2, -1, 2, 1),
(1, 2, 0.67, 1, 1, 14.5000, FALSE, FALSE, 1, 2, 1, 0, -1, 2, 1),
(0, 3, 28.00, 0, 0, 7.7958, TRUE, TRUE, 1, 2, 2, 1, -1, 2, 0),
(0, 2, 18.00, 0, 0, 11.5000, TRUE, TRUE, 1, 2, 1, 1, -1, 2, 0),
(0, 3, 34.00, 0, 0, 8.0500, TRUE, TRUE, 1, 2, 2, 1, -1, 2, 0),
(1, 1, 33.00, 0, 0, 86.5000, FALSE, TRUE, 0, 2, 0, 2, 1, 2, 1),
(0, 3, NULL, 0, 0, 14.5000, TRUE, TRUE, 1, 2, 2, 1, -1, 2, 0),
(0, 3, 41.00, 0, 0, 7.1250, TRUE, TRUE, 1, 2, 2, 1, -1, 2, 0),
(1, 3, 20.00, 0, 0, 7.2292, TRUE, TRUE, 1, 0, 2, 1, -1, 0, 1),
(1, 1, 36.00, 1, 2, 120.0000, FALSE, FALSE, 0, 2, 0, 2, 1, 2, 1),
(0, 3, 16.00, 0, 0, 7.7750, TRUE, TRUE, 1, 2, 2, 1, -1, 2, 0),
(1, 1, 51.00, 1, 0, 77.9583, FALSE, FALSE, 0, 2, 0, 2, 3, 2, 1),
(0, 1, NULL, 0, 0, 39.6000, TRUE, TRUE, 1, 0, 0, 1, -1, 0, 0),
(0, 3, 30.50, 0, 0, 7.7500, FALSE, TRUE, 0, 1, 2, 2, -1, 1, 0),
(0, 3, NULL, 1, 0, 24.1500, TRUE, FALSE, 1, 1, 2, 1, -1, 1, 0),
(0, 3, 32.00, 0, 0, 8.3625, TRUE, TRUE, 1, 2, 2, 1, -1, 2, 0),
(0, 3, 24.00, 0, 0, 9.5000, TRUE, TRUE, 1, 2, 2, 1, -1, 2, 0),
(0, 3, 48.00, 0, 0, 7.8542, TRUE, TRUE, 1, 2, 2, 1, -1, 2, 0),
(0, 2, 57.00, 0, 0, 10.5000, FALSE, TRUE, 0, 2, 1, 2, 4, 2, 0),
(0, 3, NULL, 0, 0, 7.2250, TRUE, TRUE, 1, 0, 2, 1, -1, 0, 0),
(1, 2, 54.00, 1, 3, 23.0000, FALSE, FALSE, 0, 2, 1, 2, -1, 2, 1),
(0, 3, 18.00, 0, 0, 7.7500, TRUE, TRUE, 1, 2, 2, 1, -1, 2, 0),
(0, 3, NULL, 0, 0, 7.7500, TRUE, TRUE, 1, 1, 2, 1, 5, 1, 0),
(1, 3, 5.00, 0, 0, 12.4750, FALSE, TRUE, 0, 2, 2, 0, -1, 2, 1),
(0, 3, NULL, 0, 0, 7.7375, TRUE, TRUE, 1, 1, 2, 1, -1, 1, 0),
(1, 1, 43.00, 0, 1, 211.3375, FALSE, FALSE, 0, 2, 0, 2, 1, 2, 1),
(1, 3, 13.00, 0, 0, 7.2292, FALSE, TRUE, 0, 0, 2, 0, -1, 0, 1),
(1, 1, 17.00, 1, 0, 57.0000, FALSE, FALSE, 0, 2, 0, 2, 1, 2, 1),
(0, 1, 29.00, 0, 0, 30.0000, TRUE, TRUE, 1, 2, 0, 1, 3, 2, 0),
(0, 3, NULL, 1, 2, 23.4500, TRUE, FALSE, 1, 2, 2, 1, -1, 2, 0),
(0, 3, 25.00, 0, 0, 7.0500, TRUE, TRUE, 1, 2, 2, 1, -1, 2, 0),
(0, 3, 25.00, 0, 0, 7.2500, TRUE, TRUE, 1, 2, 2, 1, -1, 2, 0),
(1, 3, 18.00, 0, 0, 7.4958, FALSE, TRUE, 0, 2, 2, 2, -1, 2, 1),
(0, 3, 8.00, 4, 1, 29.1250, FALSE, FALSE, 1, 1, 2, 0, -1, 1, 0),
(1, 3, 1.00, 1, 2, 20.5750, FALSE, FALSE, 1, 2, 2, 0, -1, 2, 1),
(0, 1, 46.00, 0, 0, 79.2000, TRUE, TRUE, 1, 0, 0, 1, 1, 0, 0),
(0, 3, NULL, 0, 0, 7.7500, TRUE, TRUE, 1, 1, 2, 1, -1, 1, 0),
(0, 2, 16.00, 0, 0, 26.0000, TRUE, TRUE, 1, 2, 1, 1, -1, 2, 0),
(0, 3, NULL, 8, 2, 69.5500, FALSE, FALSE, 0, 2, 2, 2, -1, 2, 0),
(0, 1, NULL, 0, 0, 30.6958, TRUE, TRUE, 1, 0, 0, 1, -1, 0, 0),
(0, 3, 25.00, 0, 0, 7.8958, TRUE, TRUE, 1, 2, 2, 1, -1, 2, 0),
(0, 2, 39.00, 0, 0, 13.0000, TRUE, TRUE, 1, 2, 1, 1, -1, 2, 0),
(1, 1, 49.00, 0, 0, 25.9292, FALSE, TRUE, 0, 2, 0, 2, 3, 2, 1),
(1, 3, 31.00, 0, 0, 8.6833, FALSE, TRUE, 0, 2, 2, 2, -1, 2, 1),
(0, 3, 30.00, 0, 0, 7.2292, TRUE, TRUE, 1, 0, 2, 1, -1, 0, 0),
(0, 3, 30.00, 1, 1, 24.1500, FALSE, FALSE, 0, 2, 2, 2, -1, 2, 0);

INSERT INTO Observation (survived, pclass, age, sibsp, parch, fare, adult_male, alone, sex_id, embarked_id, class_id, who_id, deck_id, embark_town_id, alive_id) VALUES
(0, 2, 34.00, 0, 0, 13.0000, TRUE, TRUE, 1, 2, 1, 1, -1, 2, 0),
(1, 2, 31.00, 1, 1, 26.2500, FALSE, FALSE, 0, 2, 1, 2, -1, 2, 1),
(1, 1, 11.00, 1, 2, 120.0000, FALSE, FALSE, 1, 2, 0, 0, 1, 2, 1),
(1, 3, 0.42, 0, 1, 8.5167, FALSE, FALSE, 1, 0, 2, 0, -1, 0, 1),
(1, 3, 27.00, 0, 0, 6.9750, TRUE, TRUE, 1, 2, 2, 1, -1, 2, 1),
(0, 3, 31.00, 0, 0, 7.7750, TRUE, TRUE, 1, 2, 2, 1, -1, 2, 0),
(0, 1, 39.00, 0, 0, 0.0000, TRUE, TRUE, 1, 2, 0, 1, 0, 2, 0),
(0, 3, 18.00, 0, 0, 7.7750, FALSE, TRUE, 0, 2, 2, 2, -1, 2, 0),
(0, 2, 39.00, 0, 0, 13.0000, TRUE, TRUE, 1, 2, 1, 1, -1, 2, 0),
(1, 1, 33.00, 1, 0, 53.1000, FALSE, FALSE, 0, 2, 0, 2, 4, 2, 1),
(0, 3, 26.00, 0, 0, 7.8875, TRUE, TRUE, 1, 2, 2, 1, -1, 2, 0),
(0, 3, 39.00, 0, 0, 24.1500, TRUE, TRUE, 1, 2, 2, 1, -1, 2, 0),
(0, 2, 35.00, 0, 0, 10.5000, TRUE, TRUE, 1, 2, 1, 1, -1, 2, 0),
(0, 3, 6.00, 4, 2, 31.2750, FALSE, FALSE, 0, 2, 2, 0, -1, 2, 0),
(0, 3, 30.50, 0, 0, 8.0500, TRUE, TRUE, 1, 2, 2, 1, -1, 2, 0),
(0, 1, NULL, 0, 0, 0.0000, TRUE, TRUE, 1, 2, 0, 1, 1, 2, 0),
(0, 3, 23.00, 0, 0, 7.9250, FALSE, TRUE, 0, 2, 2, 2, -1, 2, 0),
(0, 2, 31.00, 1, 1, 37.0042, TRUE, FALSE, 1, 0, 1, 1, -1, 0, 0),
(0, 3, 43.00, 0, 0, 6.4500, TRUE, TRUE, 1, 2, 2, 1, -1, 2, 0),
(0, 3, 10.00, 3, 2, 27.9000, FALSE, FALSE, 1, 2, 2, 0, -1, 2, 0),
(1, 1, 52.00, 1, 1, 93.5000, FALSE, FALSE, 0, 2, 0, 2, 1, 2, 1),
(1, 3, 27.00, 0, 0, 8.6625, TRUE, TRUE, 1, 2, 2, 1, -1, 2, 1),
(0, 1, 38.00, 0, 0, 0.0000, TRUE, TRUE, 1, 2, 0, 1, -1, 2, 0),
(1, 3, 27.00, 0, 1, 12.4750, FALSE, FALSE, 0, 2, 2, 2, 4, 2, 1),
(0, 3, 2.00, 4, 1, 39.6875, FALSE, FALSE, 1, 2, 2, 0, -1, 2, 0),
(0, 3, NULL, 0, 0, 6.9500, TRUE, TRUE, 1, 1, 2, 1, -1, 1, 0),
(0, 3, NULL, 0, 0, 56.4958, TRUE, TRUE, 1, 2, 2, 1, -1, 2, 0),
(1, 2, 1.00, 0, 2, 37.0042, FALSE, FALSE, 1, 0, 1, 0, -1, 0, 1),
(1, 3, NULL, 0, 0, 7.7500, TRUE, TRUE, 1, 1, 2, 1, -1, 1, 1),
(1, 1, 62.00, 0, 0, 80.0000, FALSE, TRUE, 0, -1, 0, 2, 1, -1, 1),
(1, 3, 15.00, 1, 0, 14.4542, FALSE, FALSE, 0, 0, 2, 0, -1, 0, 1),
(1, 2, 0.83, 1, 1, 18.7500, FALSE, FALSE, 1, 2, 1, 0, -1, 2, 1),
(0, 3, NULL, 0, 0, 7.2292, TRUE, TRUE, 1, 0, 2, 1, -1, 0, 0),
(0, 3, 23.00, 0, 0, 7.8542, TRUE, TRUE, 1, 2, 2, 1, -1, 2, 0),
(0, 3, 18.00, 0, 0, 8.3000, TRUE, TRUE, 1, 2, 2, 1, -1, 2, 0),
(1, 1, 39.00, 1, 1, 83.1583, FALSE, FALSE, 0, 0, 0, 2, 4, 0, 1),
(0, 3, 21.00, 0, 0, 8.6625, TRUE, TRUE, 1, 2, 2, 1, -1, 2, 0),
(0, 3, NULL, 0, 0, 8.0500, TRUE, TRUE, 1, 2, 2, 1, -1, 2, 0),
(1, 3, 32.00, 0, 0, 56.4958, TRUE, TRUE, 1, 2, 2, 1, -1, 2, 1),
(1, 1, NULL, 0, 0, 29.7000, TRUE, TRUE, 1, 0, 0, 1, 2, 0, 1),
(0, 3, 20.00, 0, 0, 7.9250, TRUE, TRUE, 1, 2, 2, 1, -1, 2, 0),
(0, 2, 16.00, 0, 0, 10.5000, TRUE, TRUE, 1, 2, 1, 1, -1, 2, 0),
(1, 1, 30.00, 0, 0, 31.0000, FALSE, TRUE, 0, 0, 0, 2, -1, 0, 1),
(0, 3, 34.50, 0, 0, 6.4375, TRUE, TRUE, 1, 0, 2, 1, -1, 0, 0),
(0, 3, 17.00, 0, 0, 8.6625, TRUE, TRUE, 1, 2, 2, 1, -1, 2, 0),
(0, 3, 42.00, 0, 0, 7.5500, TRUE, TRUE, 1, 2, 2, 1, -1, 2, 0),
(0, 3, NULL, 8, 2, 69.5500, TRUE, FALSE, 1, 2, 2, 1, -1, 2, 0),
(0, 3, 35.00, 0, 0, 7.8958, TRUE, TRUE, 1, 0, 2, 1, -1, 0, 0),
(0, 2, 28.00, 0, 1, 33.0000, TRUE, FALSE, 1, 2, 1, 1, -1, 2, 0),
(1, 1, NULL, 1, 0, 89.1042, FALSE, FALSE, 0, 0, 0, 2, 2, 0, 1);

INSERT INTO Observation (survived, pclass, age, sibsp, parch, fare, adult_male, alone, sex_id, embarked_id, class_id, who_id, deck_id, embark_town_id, alive_id) VALUES
(0, 3, 4.00, 4, 2, 31.2750, FALSE, FALSE, 1, 2, 2, 0, -1, 2, 0),
(0, 3, 74.00, 0, 0, 7.7750, TRUE, TRUE, 1, 2, 2, 1, -1, 2, 0),
(0, 3, 9.00, 1, 1, 15.2458, FALSE, FALSE, 0, 0, 2, 0, -1, 0, 0),
(1, 1, 16.00, 0, 1, 39.4000, FALSE, FALSE, 0, 2, 0, 2, 3, 2, 1),
(0, 2, 44.00, 1, 0, 26.0000, FALSE, FALSE, 0, 2, 1, 2, -1, 2, 0),
(1, 3, 18.00, 0, 1, 9.3500, FALSE, FALSE, 0, 2, 2, 2, -1, 2, 1),
(1, 1, 45.00, 1, 1, 164.8667, FALSE, FALSE, 0, 2, 0, 2, -1, 2, 1),
(1, 1, 51.00, 0, 0, 26.5500, TRUE, TRUE, 1, 2, 0, 1, 4, 2, 1),
(1, 3, 24.00, 0, 3, 19.2583, FALSE, FALSE, 0, 0, 2, 2, -1, 0, 1),
(0, 3, NULL, 0, 0, 7.2292, TRUE, TRUE, 1, 0, 2, 1, -1, 0, 0),
(0, 3, 41.00, 2, 0, 14.1083, TRUE, FALSE, 1, 2, 2, 1, -1, 2, 0),
(0, 2, 21.00, 1, 0, 11.5000, TRUE, FALSE, 1, 2, 1, 1, -1, 2, 0),
(1, 1, 48.00, 0, 0, 25.9292, FALSE, TRUE, 0, 2, 0, 2, 3, 2, 1),
(0, 3, NULL, 8, 2, 69.5500, FALSE, FALSE, 0, 2, 2, 2, -1, 2, 0),
(0, 2, 24.00, 0, 0, 13.0000, TRUE, TRUE, 1, 2, 1, 1, -1, 2, 0),
(1, 2, 42.00, 0, 0, 13.0000, FALSE, TRUE, 0, 2, 1, 2, -1, 2, 1),
(1, 2, 27.00, 1, 0, 13.8583, FALSE, FALSE, 0, 0, 1, 2, -1, 0, 1),
(0, 1, 31.00, 0, 0, 50.4958, TRUE, TRUE, 1, 2, 0, 1, 0, 2, 0),
(0, 3, NULL, 0, 0, 9.5000, TRUE, TRUE, 1, 2, 2, 1, -1, 2, 0),
(1, 3, 4.00, 1, 1, 11.1333, FALSE, FALSE, 1, 2, 2, 0, -1, 2, 1),
(0, 3, 26.00, 0, 0, 7.8958, TRUE, TRUE, 1, 2, 2, 1, -1, 2, 0),
(1, 1, 47.00, 1, 1, 52.5542, FALSE, FALSE, 0, 2, 0, 2, 3, 2, 1),
(0, 1, 33.00, 0, 0, 5.0000, TRUE, TRUE, 1, 2, 0, 1, 1, 2, 0),
(0, 3, 47.00, 0, 0, 9.0000, TRUE, TRUE, 1, 2, 2, 1, -1, 2, 0),
(1, 2, 28.00, 1, 0, 24.0000, FALSE, FALSE, 0, 0, 1, 2, -1, 0, 1),
(1, 3, 15.00, 0, 0, 7.2250, FALSE, TRUE, 0, 0, 2, 0, -1, 0, 1),
(0, 3, 20.00, 0, 0, 9.8458, TRUE, TRUE, 1, 2, 2, 1, -1, 2, 0),
(0, 3, 19.00, 0, 0, 7.8958, TRUE, TRUE, 1, 2, 2, 1, -1, 2, 0),
(0, 3, NULL, 0, 0, 7.8958, TRUE, TRUE, 1, 2, 2, 1, -1, 2, 0),
(1, 1, 56.00, 0, 1, 83.1583, FALSE, FALSE, 0, 0, 0, 2, 2, 0, 1),
(1, 2, 25.00, 0, 1, 26.0000, FALSE, FALSE, 0, 2, 1, 2, -1, 2, 1),
(0, 3, 33.00, 0, 0, 7.8958, TRUE, TRUE, 1, 2, 2, 1, -1, 2, 0),
(0, 3, 22.00, 0, 0, 10.5167, FALSE, TRUE, 0, 2, 2, 2, -1, 2, 0),
(0, 2, 28.00, 0, 0, 10.5000, TRUE, TRUE, 1, 2, 1, 1, -1, 2, 0),
(0, 3, 25.00, 0, 0, 7.0500, TRUE, TRUE, 1, 2, 2, 1, -1, 2, 0),
(0, 3, 39.00, 0, 5, 29.1250, FALSE, FALSE, 0, 1, 2, 2, -1, 1, 0),
(0, 2, 27.00, 0, 0, 13.0000, TRUE, TRUE, 1, 2, 1, 1, -1, 2, 0),
(1, 1, 19.00, 0, 0, 30.0000, FALSE, TRUE, 0, 2, 0, 2, 1, 2, 1),
(0, 3, NULL, 1, 2, 23.4500, FALSE, FALSE, 0, 2, 2, 2, -1, 2, 0),
(1, 1, 26.00, 0, 0, 30.0000, TRUE, TRUE, 1, 0, 0, 1, 2, 0, 1),
(0, 3, 32.00, 0, 0, 7.7500, TRUE, TRUE, 1, 1, 2, 1, -1, 1, 0);

-- Reset sequences
SELECT setval('observation_id_seq', 891 + 1, false);

-- Update statistics
ANALYZE Sex;
ANALYZE Embarked;
ANALYZE Class;
ANALYZE Who;
ANALYZE Deck;
ANALYZE EmbarkTown;
ANALYZE Alive;
ANALYZE Observation;

-- Success message
DO $$
BEGIN
    RAISE NOTICE 'Titanic database successfully initialized!';
    RAISE NOTICE '% passenger records loaded', (SELECT COUNT(*) FROM Observation);
END $$;
